partNumber,name,brand,category,kind,condition,voltage,powerKw,amperageA,teeth,description,xref:AC DELCO,xref:AGCO,xref:AGRALE,xref:AUTODIZEL,xref:AVF,xref:BATE,xref:BMC,xref:BMW,xref:BOMAG,xref:BOSCH,xref:CASE IH,xref:CATERPILLAR,xref:CHRYSLER,xref:CLAAS,xref:CLARK,xref:CUMMINS,xref:DAF,xref:DAIMLER,xref:DELCO,xref:DELCO REMY,xref:DENNIS,xref:DETROIT DIESEL,xref:DEUTZ,xref:DEUTZ-FAHR,xref:DOYEN,xref:DRESSER,xref:ERF,xref:FAUN,xref:FENDT,xref:FIAT,xref:FIATALLIS,xref:FORD,xref:GAZ,xref:GENERAL MOTORS,xref:HAMM,xref:HANOMAG,xref:HELLA,xref:HIGER BUS,xref:HITACHI,xref:HONDA,xref:INGERSOLL-RAND,xref:IRIZAR,xref:ISUZU,xref:IVECO,xref:JCB,xref:JOHN DEERE,xref:KAMAX,xref:KHD,xref:KOMATSU,xref:LAMBORGHINI,xref:LANCIA,xref:LESTER,xref:LEYLAND,xref:LIEBHERR,xref:LISTER PETTER,xref:LUCAS,xref:LUCAS ELECTRICAL,xref:MAGNETI MARELLI,xref:MAHLE,xref:MAN,xref:MARSHALL,xref:MASSEY FERGUSON,xref:MERCEDES-BENZ,xref:MITSUBISHI,xref:MOTEURS BAUDOUIN.S.A,xref:MTU,xref:MWM,xref:NISSAN,xref:OE,xref:OPTARE,xref:PERKINS,xref:PRAMO,xref:PRESTOLITE,xref:RENAULT,xref:RENAULT TRUCKS,xref:ROVER,xref:SAAB,xref:SAVIEM,xref:SCANIA,xref:SEDDON ATKINSON,xref:SISU,xref:SNVI,xref:SOLARIS,xref:STEYR,xref:STILL,xref:TEMSA,xref:TIMBERJACK,xref:VAG,xref:VALEO,xref:VALMET,xref:VAN HOOL,xref:VOLVO,xref:VOLVO PENTA,xref:WEICHAI,xref:WEICHAI DEUTZ,xref:WRIGHT BUS,xref:WUXI DIESEL,xref:YUTONG,fits:TRUCK,spec:Вал,spec:Виліт бендикса,spec:Підключення,spec:Розмір бендикса,spec:Шків
66021585,Генератор Prestolite 66021585 24V 55 A,Prestolite,Генератори,ALTERNATOR,NEW,24,,55,,,,,,,,,,,,0986080850,,,,,,,AELA064; AELB710; 1200583; AELB710R,,,DRA3553,,,,,,,,,,54022711,,,,,,,8EL732875001; CA1050IR,,,,,,,,,,,,,,,,A128,,38208867,54022578; 24299; 24406; LEA0109; LRA00935; LRA935,54022415,,11201873; AAK3310; IA0873,,,,,,,,,,540224,,2871A007,,859023Z; PBNA0935,,,TAK8962,,,,,,,,,,,,,2518070,,,,,,,,,,DAF|45||-2001,17mm,,маса на корпус,,
859022,Стартер Prestolite 859022 24V 4 кВт,Prestolite,Стартери,STARTER,NEW,24,4,,9,,,,,,,,,,,0001368083; 0986017520; BX1752,,,,,,,1201327; AELB426; AELB737; 1201327R; AELB426R,,,19024262; 90038083; DRS7520,,,,,,,,,,,,,,,,,8EA737238001; CS989,,,,,,,,,,,,,,,,S636,,,LRT00135; LRT135,,,,,,,,,,,,,,,,,859022Z; 859506; LNS45249; Z859022,,,,,,,,,,,,,,,,455534,,,,,,,,,,DAF|45||-2001,,38,маса на корпус,35,
20550103,Стартер Prestolite 20550103 24V 4 кВт,Prestolite,Стартери,STARTER,NEW,24,4,,10,Cummins engine. Cummins engine,,,,,,,,,,0001368067,,,,,,3283721,AELD190; AELD190R,,,,,,,,,,,,,,,,,,,,,,,,,,,,,,,,,,,,,,,,,,,,,,,,,,,,,,,,860539Z; PBNSM103,,,,,,,,,,,,,,,,,,,,,,,,,,DAF|45||-2001; DAF|55||-2001,,47,ізольований,32,
860806GB,Генератор Prestolite 860806GB 24V 110 A,Prestolite,Генератори,ALTERNATOR,NEW,24,,110,,,,,,,,,,,,0124555006; 0986047410; BX4741; 0124655006; 0986081880; BX8188,,,,,,,AELD074; 1387388; 1400520; 1401948; 1540481; 1400520R; 2165376R; 2165385R,,,19092024; 19092077; DRB0004; DRB7410,,,,,,,,,,,,,,,,,,,,,,,,,,,,,,,,,,,,LRA03207; LRA03417; LRA3417,,,,,,,,,,,,,,,,,860806; 861317,,,,,,,,,,,,,,,,440129,,,,,,,,,,DAF|LF45||2001-; DAF|LF55||2001-; DAF|LF||2015-; DAF|CF65||2001-; DAF|CF||2013-,17mm,,маса на корпус,,"8pK, 60mm"
860815,Стартер Prestolite 860815 24V 4 кВт,Prestolite,Стартери,STARTER,NEW,24,4,,10,,,,,,,,,,,0001231017; 0001231045; 0001263001; 0001263002; 0986021190; BX2119,,,,,,,1387381; 1387383; 1703434; 1704911; AELD021; AELF189; 2165363; 1387381R; 1387383R; 1704911R; 2165363R; AFLF189,,,19084017; 19084209; DRT1190,,,,,,,,,,,,,,,,,8EA012586341; 8EA738258081; CS1382,,,,,,,,,,,,,,,,,,,LRS02176; LRS2176,,,,,,,,,,,,,,,,,AELF405,,,,,,,,,,,,,,,,458329,,,,,,,,,,DAF|LF45||2001-; DAF|LF55||2001-; DAF|CF65||2001-,,28,маса на корпус,40,
M93R3105SE,Стартер Prestolite M93R3105SE 24V 5 кВт,Prestolite,Стартери,STARTER,NEW,24,5,,10,,,,,,,,,,,0001231017; 0001231045; 0001263001; 0001263002; 0986021190; BX2119,,,,,,,1387381; 1387383; 1703434; 1704911; AELD021; AELF189; 1540485; 1387381R; 1387383R; 1704911R,,,19084017; 19084209; DRT1190,,,,,,,,,,,,,,,,,8EA738258081; CS1382,,,,,,,,,,,,,,,,,,,LRS02176; LRS2176,,,,,,,,,,,,,,,,,AELF405; 861321,,,,,,,,,,,,,,,,458329,,,,,,,,,,DAF|LF45||2001-; DAF|LF55||2001-; DAF|CF65||2001-,,28,маса на корпус,40,
860143,Генератор Prestolite 860143 24V 55 A,Prestolite,Генератори,ALTERNATOR,NEW,24,,55,,,,,,,,,,,,0120450509; 0120469001; 0120469019; 0120469025; 0120469103; 0120469509; 0120469518; 0986030520; 0986041090; BX3052; BX4109,,,,,,,613097; 890775; 1244492,,,,,,1171461,,,,,1702113,,,,,,,,,8EL012584081; 8EL725736001; CA333IR,,,,,,,,,,,,,,,,A302,6002025; 6104058,,LRA00977; LRA977,,,11201522; AAK1347; IA0522,51261017119; 51261017144; 51261019119; 51261019144; 81261017119,,,0051543402; A0051543402,,,,,,,,,,860143Z; PBNA0977; Z860143,,,,,,,,,,,,,,,,437166,835330124,,,,,,,,,DAF|55||-2001,17mm,,маса на корпус,,
860803,Стартер Prestolite 860803 24V 5.5 кВт,Prestolite,Стартери,STARTER,NEW,24,5.5,,12,,,,,,,,,,,,,,,,,,AELB354; AELB453; AELB496; AELB732; AMPB841; AMPB841R,,,DRS3674,,,,,,,,,,,,,,,,,,,,,,,,,,,,,,,,,S651,,,,,,,,,,,,,,,,,,,,859399; 859399Z; LNS45245,,,,,,,,,,,,,,,,,,,,,,,,,,DAF|55||-2001,,37,ізольований,37,
861035,Стартер Prestolite 861035 24V 4 кВт,Prestolite,Стартери,STARTER,NEW,24,4,,11,860304(Z). 860304(Z),,,,,,,,,,0001231013; 0001231041; 0001364207; 0001364400; 0001368313; 0986017980; 6033AC0220; BX1798,,,,,,,126246; 289183; 504640; 1287890; 1346162; 1735788,,,19083030; 19084020; 19084210; 19084214; DRS0166; DRS3293; DRS7980; DRT1000,,,,,,,,,,,,,,,,,8EA012586461; 8EA737627001; 8EA738212001; CS1129; CS1331,,,,,,,5411656432,,,,,,,,,S640,,,LRS01896; LRS1896,,,,,,,,,,,,,,,,,860304; 860304Z,,,,,,,,,,,,,,,,458331; 585200,,,2041237,,,,,,,DAF|55||-2001; DAF|CF75||2001-,,48,маса на корпус,41,
M93R3091SE,Стартер Prestolite M93R3091SE 24V 5 кВт,Prestolite,Стартери,STARTER,NEW,24,5,,11,860304(Z). 860304(Z),,,,,,,,,,0001231013; 0001231041; 0001364207; 0001364400; 0001368313; 0986017980; 6033AC0220; BX1798,,,,,,,126246; 289183; 504640; 1287890; 1346162; 1735788; 1540487,,,19083030; 19084020; 19084210; 19084214; DRS0166; DRS3293; DRS7980; DRT1000,,,,,,,,,,,,,,,,,8EA737627001; 8EA738212001; CS1129; CS1331,,,,,,,5411656432,,,,,,,,,,,,LRS01896; LRS1896,,,,,,,,,,,,,,,,,861323; 860304Z,,,,,,,,,,,,,,,,458331; 585200,,,2041237,,,,,,,DAF|55||-2001; DAF|CF75||2001-,,48,маса на корпус,41,
861385,Стартер Prestolite 861385 24V 4.5 кВт,Prestolite,Стартери,STARTER,NEW,24,4.5,,10,,,,,,,,,,,0001251007; 0001251008; 1986S10039,,,,,,,1707580; 1707580R; AG9T14355PDB,,,19084350,,,,,,,,,,,,,,,,,,,,,,,,,,,,,,,,,AENC483,,,,,,,,,,,,,,,,,,,,,,,,,,,,,,,,,,,,,,,,,,,,,,DAF|LF||2015-,,48,маса на корпус,40,
858783,Генератор Prestolite 858783 24V 55 A,Prestolite,Генератори,ALTERNATOR,NEW,24,,55,,,,,,,,,,,,0120489221; 0120489225; 0120489231; 0120489282; 0120489284; 0120489316; 0120489727; 0120489728; 0120489944; 6033GB3047; 6033GB3055; 0120450509; 0120469001; 0120469019; 0120469025; 0120469039; 0120469101; 0120469103; 0120469509; 0120469518; 0120469686; 0120469982; 0120488271; 0120488282; 0986030520; 0986031310; 0986031318; 0986031450; 0986033510; 0986033570; 0986034270; 0986034400; 0986037410; 0986041090; 0986041580; 0986047870; BX3052; BX3131; BX3145; BX3351; BX3357; BX3427; BX3440; BX3741; BX4109; BX4158; BX4787; F042512906,,,,,,3255439,854300; 894300; 0894300; 1267235; 1274480; 1350515; 1357591; AELD077; 613097; 890775; 1244492,,,19093020; DRA1310; DRA1450; DRA4270; DRA4400; DRA7410,,,1171461,,,6500825,,1702113; 1702118,,,,,,,,,8EL012584081; 8EL725626001; 8EL725644001; 8EL725736001; 8EL725858001; CA187IR; CA222IR; CA333IR; CA568IR,,,,,,,,,,,,,,,,A302; A308; A318; A321,6002025; 6002026; 6104058,,LRA00973; LRA00977; LRA625; LRA925; LRA971; LRA973; LRA977; LRB00138; LRB106; LRB139,,943357716; MAR899,11201201; 11201360; 11201522; 11201634; 11201635; 11201705; 11209423; AAK1309; AAK1347; AAK1367; AAK3557; AAK4179; AAN3113; IA0107; IA0201; IA0360; IA0522; IA0634; IA0635; IA0705; IA9414,51261017133; 51261017148; 51261017184; 51261017185; 51261017201; 51261019185; 51261019201; 51261017119; 51261017144; 51261019119; 51261019144; 81261017119,,,A0051542402; A0051545102; A0061546702; A0071542102; A0071542402; A0071542702; A0081543102; A0091540602; A0091540620; A0091540702; A0095407002; A0101542002; 0051542402; 0051543402; 0051545102; 0061546702; 0071542102; 0071542402; 0071542702; 0081543102; 0091540602; 0091540620; 0091540702; 0095407002; 0101542002; A0051543402,,,,,,,,,,860137; 860143; 860148; 860307; 857475Z; 857479Z; 858783Z; 860143Z; 860307Z; PBNA0625; PBNA0925; PBNA0973; PBNA0977; PBNA1106; Z858783; Z860143; Z860307,,,,,,,,,,,,,,,,436427; 436428; 437166; 510372,835330124,,,,,,,,,DAF|75; MAN|G / L / M; MAN|F / G M; Mercedes-Benz|LK / LN / LP / MK / NG / SK,17mm,,маса на корпус,,
860558,Генератор Prestolite 860558 24V 80 A,Prestolite,Генератори,ALTERNATOR,NEW,24,,80,,,,,,,VG555; VG561; VG565,,,,,0120468053; 0120468107; 0120468113; 0120468115; 0120468117; 0120468118; 0120468137; 0120468138; 0120468149; 6033GB3014; 6033GB3054; 0986037700; 0986037770; 0986037771; 0986037773; BX3770; BX3777,,,4686018,,,,091295; 613097; 854300; 894300; 1298995; 1357593; AEL8419,,,13250061; 19025100; 19025107; 19070056; DRA7770,,,1178511,,,6500862,,,,,,,,,,,8EL012584141; 8EL732707001; 8EL737887001; CA1035IR,,,,,,,8007700; 8033366; 99454110; 0300668600; 300668600,,,,3040718,,,,,A336,,,LRB00137; LRB137,,943356247; MAR854,11201522; 11201705; 11209417; 11209421; AAN0111; AAN3108; IA9408,51261017144; 51261017185; 51261017192; 51261017195; 51261019144; 51261019185; 51261019192; 51261019201,,,A0071549202; A0071549902; A0071549903; A0081544502; A3661502250; 0061546802; 0071549202; 0071549902; 0071549903; 0081544502; 3661502250,,,0091547102,,,,,,,110872; 860151; 860151Z; BCA3920; MDA3920; PBNA1137; Z860558,5001837972; 5010217961,,,,,,,,,,,524509,,,,436591,,,,,,,,,,DAF|75; DAF|85||-2001; DAF|95||-2002; MAN|G / L / M; MAN|F / G M; Mercedes-Benz|LK / LN / LP / MK / NG / SK; Renault|MAGNUM,17mm,,маса на корпус,,
AVI144S3001,Генератор Prestolite AVI144S3001 24V 110 A,Prestolite,Генератори,ALTERNATOR,NEW,24,,110,,,,,,,VG565; VG573,,,,,0120469115; 0120469116; 0120469117; 6033GB3014; 6033GB3019; 6033GB3022; 6033GB3027; 0986039790; 0986040260; 0986041570; 0120468143; 0120468145; 0120469119; 0120469120; 6033GB3010; 6033GB3023; 6033GB3083; 0986041030; 0986041033; 0986043890; 0120450509; 0120468053; 0120468107; 0120468113; 0120468115; 0120468117; 0120468118; 0120468137; 0120468138; 0120469001; 0120469019; 0120469025; 0120469039; 0120469101; 0120469103; 0120469509; 0120469518; 0120469686; 0120469982; 0986030520; 0986034400; 0986037410; 0986037700; 0986037770; 0986037771; 0986037773; 0986041090; 0986041580; 0986047870; 6033GB3047; 6033GB3054; 6033GB3055; BX3052; BX3440; BX3741; BX3770; BX3777; BX3979; BX4026; BX4103; BX4109; BX4157; BX4158; BX4389; BX4787,,,4686018,,,3255439,091295; 613097; 854300; 890775; 894300; 0894300; 1244492; 1274480; 1298995; 1350515; 1357591; 1357593; 1516480; 1540482; 1516480R; AEL8419,,,19025100; 19025107; 19025109; 19025110; 19025111; 19025112; 19025113; 19070068; DRA4400; DRA7410; DRA7770; DRA9790; DRB0260; DRB1030; DRB3890,,,1171461; 1178511,,,,,1702113,,,,,,,,,8EL725736001; 8EL732707001; 8EL737758001; 8EL737887001; CA1035IR; CA1505; CA1505IR; CA1593; CA1593IR; CA333IR,,,,,,,8007700; 8033366,,,,,,,,,A302; A321; A336; A654,6002025; 6104058; 10018258,,LRA00977; LRA02504; LRA02779; LRA2504; LRA973; LRA977; LRB00137; LRB00138; LRB00302; LRB137; LRB302,,943356247; MAR854,11201522; 11201705; 11209417; 11209421; 11209422; 11209423; AAK1347; AAK1367; AAN0111; AAN3108; AAN3111; AAN3112; AAN3113; IA0522; IA0705; IA9408; IA9412; IA9413; IA9414,51261017119; 51261017144; 51261017184; 51261017192; 51261017195; 51261017201; 51261019119; 51261019144; 51261019201; 81261017119,,,A0091549702; A0091549702KZ; A0091549802; A0101549002; A0101549102; A0091549902; A0101540002; A0101548202; A0101548902; A0101549202; A0131547102; A0131547202; 0051543402; 0071542400; 0071549202; 0071549902; 0071549903; 0081543102; 0081544502; 0091540602; 0091540620; 0091540702; 0091549702; 0091549802; 0091549902; 0095407002; 0101540002; 0101548202; 0101548902; 0101549002; 0101549102; 0101549202; 0131547102; 3661502250; 0091549702KZ; A0051543402; A0071542400; A0071549202; A0071549902; A0071549903; A0081543102; A0081544502; A0091540602; A0091540620; A0091540702; A0095407002; A3661502250,,,,,,6039GB3019; 6033G3010; 6033G3023,,,,860558; 110872; 860151; 860307; 861318; 858783Z; 860143Z; 860151Z; 860307Z; BCA3920; MDA3920; PBNA0973; PBNA0977; PBNA1137; Z858783; Z860143; Z860307; Z860558; Z860559; Z860563,5001837972; 5010217961,,,,,,,,,,,524509,,,,436591; 437166; 437440; 437441; 437442,835330124,,20402404,,,,,,,DAF|75; DAF|85||-2001; DAF|95||-2002; Mercedes-Benz|814; Mercedes-Benz|ATEGO 1 SERIES||-2002; Mercedes-Benz|ACTROS 1 SERIES,17mm,,маса на корпус,,
M90R3543SE,Стартер Prestolite M90R3543SE 24V 6 кВт,Prestolite,Стартери,STARTER,NEW,24,6,,11,,,,,,,,,,,0001241003; 0001241007; 0001241014; 0001241019; 0001241119; 0001261004; 0001371010; 0001371015; 0001372002; 0001372003; 0001372007; 0001372008; 0986021200; 0986021490; BX2120; BX2149,,,,,,,1317220; 1318615; 1357210; 1357211; 1357220; 1540484; 1604246; 1667205; 1688720; 1739936; 1284775; 1357212; 1907032,,,19024190; 19070031; 19070032; 19084001; 19084251; DRS8780; DRT1200; DRT1490; DRT1490X,,,,,,,,,,,,,,,,,8EA012586531; 8EA738069001; 8EA738258371; CS1274; CS1380,,,,,,,,,,,,,,,,,,,LRS01938; LRS02268; LRS2268,,,,,,,,,,,,,,,,,860819; 861320,,,,,,,,,,,,,,,,438233; 458175; 458342; 568272; 575738; 600239; FS60PR019,,,,,,,,,,DAF|75; DAF|85||-2001; DAF|CF85||2001-; DAF|95||-2002; DAF|XF95 / XF105||2002-,,48,маса на корпус,41,
861279GB,Генератор Prestolite 861279GB 24V 80 A,Prestolite,Генератори,ALTERNATOR,NEW,24,,80,,,,,,,,,,,,0124555003; 0124555040; 0124555041; 0986045490; 0986046560; BX4549; BX4656,,,,,,,1368327; 1540479; 1697022; 1697321; 1368327R; 1697321R,,,8600787; DRA0495; DRB5490; DRB6560,,,,,,,,,,,,,,,,,8EL012584301; 8EL738054001; CA1694; CA1694IR,,,,,,387011787001,,,,,,,,,,,,,LRA02534; LRA2534,,,,,,,,,,,,,,,,,861279; 861315,,,,,,,,,,0104200030,,,,,,440132,,,,,,,,,,DAF|CF75||2001-; DAF|CF85||2001-; DAF|XF95 / XF105||2002-; Foden|ALPHA,17mm,,маса на корпус,,
860809GB,Генератор Prestolite 860809GB 24V 110 A,Prestolite,Генератори,ALTERNATOR,NEW,24,,110,,,,,,,,,,,,0124655003; 0124655036; 0124655037; 0124655038; 0124655039; 0124655411; 0124655412; 0124655415; 0986045500; 0986046570; 0986049770; BX4550; BX4657; BX4977; 0124555003; 0124555040; 0124555041; 0124555123; 0124655304; 0986045490; 0986046560; 1986A00546; 1986A00547; BX4549; BX4656,,,,,,,1377860; 1540480; 1697022; 1697023; 1697024; 1697321; 1697322; 1977230; 1977231; 1368327R; 1697321R; 1368327,,,8600787; 8600788; 19070010; 19070018; 19092002; 19092015; 19092020; 19092042; 19092085; 30010VL; 30017VL; DRA0456; DRA0495; DRA1341; DRB5490; DRB6560; DRB6570; DRB6570X; WA11567; WA27681,,,,,,,,,V836873047,,,,,,,,8EL012584481; 8EL738053001; 8EL738054001; CA1693; CA1693IR; CA1694; CA1694IR,,,,,,377776393001; 387011787001,,,,,,,,,,,,,LRA02534; LRA02920; LRA03183; LRA03247; LRA03649; LRA2534; LRA2920; LRA3183; LRA3247; LRA3649,,,MG809,,,,,,,,,,,,,,860809; 861316,,,,,,,,836873047,,0104200001; 104200001; 0104200030,,,,,,440132,,701697322,,,,,,,,DAF|CF75||2001-; DAF|CF85||2001-; DAF|CF||2013-; DAF|XF95 / XF105||2002-; Foden|ALPHA,17mm,,маса на корпус,,
861040,Стартер Prestolite 861040 24V 4 кВт,Prestolite,Стартери,STARTER,NEW,24,4,,11,,,,,,,,,,,0001231036; 0001231040; 0001263004; 0001263054; 0986025890; BX2589; 0001263053,,,,,,,1633811; 1725900; 1826120; 1956092,,,19084208; DRS0414,,,,,,,,,,,,,,,,,8EA012586621; CS1486,,,,,,,,,,,,,,,,,,,LRS02457; LRS2457,,,,,,,,,,,,,,,,,,,,,,,,,,,0101990053,,,,,,,,,,,,,,,,DAF|CF75||2001-,,48,маса на корпус,41,
M93R3093SE,Стартер Prestolite M93R3093SE 24V 5 кВт,Prestolite,Стартери,STARTER,NEW,24,5,,11,,,,,,,,,,,0001231036; 0001231040; 0001263004; 0001263054; 0986025890; BX2589,,,,,,,1633811; 1725900; 1826120,,,DRS0414,,,,,,,,,,,,,,,,,,,,,,,,,,,,,,,,,,,,LRS02457; LRS2457,,,,,,,,,,,,,,,,,861040,,,,,,,,,,0101990053; 101990053,,,,,,,,,,,,,,,,DAF|CF75||2001-,,48,маса на корпус,41,
860509GB,Стартер Prestolite 860509GB 24V 5.4 кВт,Prestolite,Стартери,STARTER,NEW,24,5.4,,11,,,,,,IM562,,,,,0001416006; 0001416062; 0001416067; 0986014560; BX1456,,,,,,,090671; 090690; 0365211; 0365211R; 365211R,,,11680053; 11690036; 19024049; 19024106; DRS4560,,,,,,,,365211,,,,,,,,,8EA730187001; CS617,,,,,,,,,,,,,,,30087,S341,,,LRS00766; LRS766,,943252254; MSR732,11139025; AZK5184; IS9025; IS9111; MS497; MS518; MS709,,,,,,,,,,,,,,860509; 859021Z,,,,,,90690,,,,,,,,,,438040; 455542,,,,,,,,,,DAF|85||-2001; DAF|95||-2002,,48,маса на корпус,41,
861066GB,Генератор Prestolite 861066GB 24V 110 A,Prestolite,Генератори,ALTERNATOR,NEW,24,,110,,,,,,,,,,,,0124555018; 0124555117; 0124555118; 0124555581; 0124555582; 0124655014; 0124655405; 01240AC9TB; 0986049320; 0986049323; 0986049780; BX4932; BX4978; 0124655293,,,,,,,1540483; 1626130; 1649066; 1927311; 1976291; 1976292; 1626130R; 1649066R; 1927312,,,19092014; 19092078; DRA0403; DRA0403X; DRB9320,,,,,,,,,,,,,,,,,8EL012584331; 8EL738211781; 8EL738211831; CA1917IR; CA1939IR,,,,,,,,,,,,,,,,,,,LRA02304; LRA03268; LRA3268,,,11209616; 72446642; AAN5405; IA9464; MG808,,,,,,,,,,,,,,861066; 861319,,,,,,,,,,,,,,,,,,,,,,,,,,DAF|CF85||2001-; DAF|XF95 / XF105||2002-,17mm,,маса на корпус,,"7pK, 86mm"
M90R3544SE,Стартер Prestolite M90R3544SE 24V 6 кВт,Prestolite,Стартери,STARTER,NEW,24,6,,11,,,,,,,,,,,0001241006; 0001241015; 0001241020; 0001261007; 0001261008; 0001261012; 0001261013; 0001261045; 0001261069; 0986022260; BX2226; 0001261005; 0001261085; 0001261086,,,,,,,1540486; 1667425; 1688625; 1739935; 1826121; 1843852; 1876369; 1956090; 2015153; STD1418; STD1418R; 2134698; 2165365; 2165365R,,,19084000; 19084250; DRT2260; DRT2640; DRT2640x,,,,,,,,,,,,,,,,,8EA012586491; 8EA738258651; CS1420,,,,,,,,,,,,,,,,,,,LRS02341; LRS2341,,,,,,,,,,,,,,,,,861322,,,,,,,,,,,,,,,,438250; FS60PR020,,,,,,,,,,DAF|CF85||2001-; DAF|XF95 / XF105||2002-,,48,маса на корпус,41,
In development,Генератор Prestolite In development 24V 80 A,Prestolite,Генератори,ALTERNATOR,NEW,24,,80,,"28100-2862(A), 28100-2865(A, C), 28100-2863(A),. 28100-2864(A). S25-110(A, B, F, G, K, L, M, S), S25128, S25-142, S25-147J,",,,,,,,,,,0124555121; 0124555122; 0124555583; 0986085560; 0124655111; 0124655296; 0124655385; 0124655407; 0986085640; 0124655168; 0124655445,,,,,,,,,,,,,,,,,,,,,,,,,,,,,,,,,,,,,,,,,,,,,,,,,,,,,A0071512601,A004TR6491; A004TR6491ZT; A4TR6491; A4TR6491ZT; A004TR6493; A004TR6493AM; A004TR6493ZT; A4TR6493; A4TR6493AM; A4TR6493ZT.; M008T63171; M8T63171; M008T63172; M8T63172; M008T64771; M8T64771,,,,,1927309; 1976289; 1872181; 1886885; 1927310; 1976290; 2000904; 21922755; 21774084; 85020765; P21774084; T13331; A0071511501; 19080038; 23300-Z5572; 23300-25512; S25-162; S25-164; S25-164A; 23300-96509; 03506020331; 28100-78063; 28100-2326A; 28100-2623; 28100-2624; 28100-2327E; 28100-2622E,,,,,,,,,,,,,,,,,,,,,,,,,,,,,,DAF|CF||2013-; DAF|XF||2012-; Dennis|ELITE 6; Hino|700; Mercedes-Benz|ATEGO 3 SERIES||2012-; Nissan|CABSTAR; Nissan|UD; Toyota|DYNA; Volvo|FH16 SERIES,17mm,,маса на корпус,,"8pK, 74mm"
M90R3564SE,Стартер Prestolite M90R3564SE 24V 6 кВт,Prestolite,Стартери,STARTER,NEW,24,6,,12,,,,,,,,,,,0001261071; 0001261072; 0986025900; BX2590; 0001261023; 0001261046; 0001261047; 0001261087; 0001261088,,,,,,,2015154; 1956091; 2015154R; 1956091R; 1854008; 1886891; 2134699; 2165367; 1886891R; 2165367R,,,19084255; 19084300; DRS1095,,,,,,,,,,,,,,,,,,,,,,,,,,,,,,,,,,,,,,,11139215; 72514359; AZF4916; IS9513; MS998,,,,,,,,,,,,,,,,,,,,,,,,,,,,,,,,,,,,,,,,DAF|CF||2013-; DAF|XF||2012-,,48,маса на корпус,44.1,
A148335,Генератор Prestolite A148335 24V 150 A,Prestolite,Генератори,ALTERNATOR,NEW,24,,150,,,,,,,,,,,,0124655181; 0124655182,,,,,,,1932592; R1932592,,,DRA1509,,,,,,,,,,,,,,,,,,,,,,,,,,,,,,,,,,,,LRA03997; LRA3997,,,,,,,,,,,,,,,,,861335,,,,,,,,,,,,,,,,,,,,,,,,,,DAF|XF95 / XF105||2002-,17mm,,маса на корпус,,"8pK, 86mm"
861280GB,Генератор Prestolite 861280GB 24V 80 A,Prestolite,Генератори,ALTERNATOR,NEW,24,,80,,,,,,,,,,,,0124555005; 0124555010; 0124555061; 0986045160; BX4516; 1986A00512,,,,,,5259577,,,,19092034; DA1428; DRA0318; DRB5160,,,,,,,,,,,,,,12591N,,,8EL012584021; 8EL738063001; CA1699IR,,,,,,,2995976; 4892318; 42498713; 504013371,,,,,,,,,,,,LRA02527; LRA02535; LRA2535,,063535550050; 063731699010; MAN2003; MQA1699,11209602; 72445481; IA9450; MG812,,,,,,,,,,,,,,861280,,,,,,,,,,,,,,,,,,,,,,,,,,Dennis|ELITE 2; Iveco|EUROCARGO TECTOR||2000-2004,17mm,,маса на корпус,,"8pK, 55mm"
860810GB,Генератор Prestolite 860810GB 24V 110 A,Prestolite,Генератори,ALTERNATOR,NEW,24,,110,,,,,,,,,,,,0124655005; 0124655065; 0124655082; 0124655091; B120516380; 0986045430; BX4543; 0124555005; 0124555061; 0124655020; 0124655488; 0986045160; 1986A00515; BX4516,,,,,,5259578; 5259577,1540481,,,19092004; 19092038; 30012VL; DRA1133; DRB5160; DRB5430; DRB5430X; WA26541,,,,,,,,,,,,,,12591N,,,8EL012584021; 8EL738063001; 8EL738195001; CA1699; CA1699IR; CA1812IR,,,,,,,2995978; 0003350301; 4892320; 994892320; 2995976; 4892318; 42498713,,,,,42N0614520,,,,,,,LRA02535; LRA02536; LRA2535; LRA2536,,063535550050; 063536550050; MAN2003; MAN2045,,51261020010,,,,ME230741; MK667723,,,,23100LA5MA,,,,,861280GB; 860810; 861317,5014648,,,,,,,,,,,,,,,,,,,,,,,,,Dennis|ELITE 2; Iveco|EUROCARGO TECTOR||2000-2004; Kamaz|5350; Kamaz|63501; Kamaz|6511; Kamaz|65115; Kamaz|65201; Kamaz|6522,17mm,,маса на корпус,,"8pK, 55mm"
AVI147S3208HD,Генератор Prestolite AVI147S3208HD 24V 120 A,Prestolite,Генератори,ALTERNATOR,NEW,24,,120,,,,,,,,,,,,0124555005; 0124555061; 0124655005; 0124655065; 0124655082; 0124655091; B120516380; 0986045160; 0986045430; BX4516; BX4543,,,,,,5259577; 5259578; 5284097; 5332605; TM7505001,,TBB170132,,19092004; 30012VL; DRA1133; DRB5160; DRB5430; WA26541,662086,,,,,,,,,,,,,12591N,,,8EL012584021; 8EL738063001; 8EL738195001; CA1699; CA1699IR; CA1812IR,37QUB01010,,,,,,2995976; 2995978; 0003350301; 4892318; 4892320; 42498713; 994892320,,,,,42N0614520,,,,,,,LRA02535; LRA02536; LRA2535; LRA2536,,063535550050; 063536550050; MAN2003; MAN2045,,51261020010,,,,MK667723,,,,23100LA5MA,,,,,AVI147E3005; AVi147S3008HD; AVI147S3108HD,5014648,,,,,2171218; 2432708,,,,0000304431; 0000338021; 0301050000338021,,,,,,,,,,,,,,,,Dennis|ELITE 2; Iveco|EUROCARGO TECTOR||2000-2004,17mm,,маса на корпус,,"8pK, 55mm"
MS4-401,Стартер Prestolite MS4-401 24V 5.5 кВт,Prestolite,Стартери,STARTER,NEW,24,5.5,,12,,,,,,,,,,,,,,,,,3283586; 4930606; 3281354RX; 859500PB; 328356,AELB181; AELB181R; AELB630,,,1113903; DRS3518; DRS3529,659772; 659772X,,,,,,1292034; 4069746; 1334206R; 2027238R; 858617Z,,,,,,,,,,8EA738076001; 8EA738078001; CA4009; CS4003; US1243; US1245,,,,,,,92901937; 92901944; 3352622R91,,,,,,,,,S620; S627,,,,,,,,,,,,,,,,,L2850146; X2856815,,,856766; 859411; 859422; 859500; 859970; 856766Z; 859411Z; 859839PB; 859839Z; 859970Z; GR452; LNS452421; LNS452424; LNS452426; LNS45246; MS4-401Z; Z859411; ZMS4-400K; ZMS4401,,,,,,,3303983R91; 3309115R91,,,,,,,,,,,,,,,,,,,Dennis|ELITE 2; ERF|ES6,,66,ізольований,47,
HM95R3011SE,Стартер Prestolite HM95R3011SE 24V 7.5 кВт,Prestolite,Стартери,STARTER,NEW,24,7.5,,12,,,,,,,,,,,,,,,,,3283586; 4930606; 3281354RX; 859500PB; 328356; 3399104,AELB181; AELB181R; AELB630,,,1113903; 10479647; DRS3518; DRS3529,651997; 656614; 658193; 659006; 659772; 651997X; 656614X; 658193X; 659006X; 659772X,,,,,,1292034; 4069746; 1334206R; 2027238R; 858617Z,,,,,,,,,,8EA738076001; 8EA738078001; CA4009; CS4003; CS4010; US1243; US1245,,,C4937364,,,,92901937; 92901944; 3352622R91,,,,,,,,,S620; S622; S627; S652,,,,,,,,,,,,,,,,,L2850146; X2856815,,,856766; 859411; 859422; 859500; 859970; 856766Z; 859411Z; 859839PB; 859839Z; 859970Z; GR452; LNS452421; LNS452424; LNS452426; LNS45246; MS4-401; Z859411; ZMS4-400K; ZMS4401; 859532; 860606; 858217Z; 859532K; 859532Z; GR4518; LNS452411; MS4400; MS4400Z; MS4401Z; ZMS4400,,,,,,,3303983R91; 3309115R91,,,,,,,,,,,,,,,,,,,Dennis|ELITE 2; ERF|ES6,,66,ізольований,47,
860318,Стартер Prestolite 860318 24V 4 кВт,Prestolite,Стартери,STARTER,NEW,24,4,,10,,323825; 323911,,,,,,9P901544,,,,,,,,,505421; 1912346; 3904057; 3909914; 3910369; 3918377; 3918378; 3926932; 3926933; 3604677PX; 3604677RX; 3675204RX; 3926932R; 3926932X; ST9005; ST9042; ST9097; ST9121; ST9173,1147632,,,1046640; 1113277; 1113291; 1113594; 1998459; 1998488; 10461283; 10461468; 10461486; 10465400; 10479616; 10479622; 10479656; 10496884; 11300003; 11300004; 11300010,,,,,,,1036136; 3058118,,,76192011,,,,,,,8EA732680001; US857,,,,,,,,71440033,,,,1268855H91,,,,,,,61924036,,,,,,,,,,,,,,,,,LNS2840; OMS126,,,,,,,,,,,,,,,,,,,707112; 9011707112,,,,,,,Dennis|ELITE 2,,46,маса на корпус,32,
861077,Генератор Prestolite 861077 24V 100 A,Prestolite,Генератори,ALTERNATOR,NEW,24,,100,,,,,,,,,,,,,,,,,,,,,,DRA0363,,,1182764; 01182764; 1183126; 01183126; 01183126KZ,,,,,,,,,,,,,,8EL012584511; CA2184IR,,,,,,,,,,,01182763; 1182763,,,,,,,,LRA03544; LRA03548,,,,,,,,A003TA8791; A004TA8191; A004TA8591; A3TA8791; A4TA8191; A4TA8591,,,,,DP085179,,,,,,5010589136; 5010589137; 7421289219,,,,,,,,,,,,,,,,,20707050; 20898062; 21289221; 85003257; 85000668,,,,,,,Dennis|ELITE 2; Volvo|FE SERIES||2006-2012; Volvo|FE2 SERIES||2012-; Volvo|FL2 SERIES||2006-2013; Volvo|FL3 SERIES||2013-,17mm,,маса на корпус,,"10pK, 64mm"
861343,Генератор Prestolite 861343 24V 120 A,Prestolite,Генератори,ALTERNATOR,NEW,24,,120,,,,,,,,,,,,,,,,,,,,,,DRA1113,,,,01183118KZ; 01183128KZ,,,,,,,,,,,,,,,,,,,,,,,,1183118; 1183128; 01183118; 01183128,,,,,,,,,,,,,,,,A004TA8391; A004TA8691; A004TA8691AM; A4TA8391; A4TA8691; A4TA8691AM,,,,,,,,,,7421289222; 7485003253,,,,,,,,,,,,,,,,,,21289223; 85013182,,,,,,,Dennis|ELITE 2; Volvo|FE SERIES||2006-2012; Volvo|FE2 SERIES||2012-; Volvo|FL3 SERIES||2013-,17mm,,маса на корпус,,"10pK, 64mm"
M85R3001SE,Стартер Prestolite M85R3001SE 24V 5 кВт,Prestolite,Стартери,STARTER,NEW,24,5,,10,,,,,,,,,,,,,,,,,,,,,19081102; DRS0392,,,,,,,,,,,,,,,,,8EA012586281,,,,,,,,,,,01182195; 1182195; 01182758; 1182758; 01183209; 1183209,,,,,,,,LRS02528,,,,,,,,M008T62471; M008T62471AM; M8T62471; M8T62471AM,,,,,21774084,,,,861292,7420997664; 7485003033,,,,,,,,,,,,,,,,,,20938971; 20997663; 85000750,,,,,,,Dennis|ELITE 2; Volvo|FE SERIES||2006-2012; Volvo|FE2 SERIES||2012-; Volvo|FL2 SERIES||2006-2013; Volvo|FL3 SERIES||2013-,,28,маса на корпус,39,
66021507,Генератор Prestolite 66021507 24V 55 A,Prestolite,Генератори,ALTERNATOR,NEW,24,,55,,,,,,,,,,,,0986033785,,,,,,550117; 3250087; 3256759; 3279007; 3280626; 3910566; 3964745; 3975139; 325675900RX; 3256759RX; 859605PB,AELB633,,,19025104; DRA3599; DRA3603; DRA3608; DRA3785,606981; 611992; 692960,,,,,,1012219; 1036120; 1053046; 1053052; 1053069; 1066152; 1075994; 1076001; 1292400; 3056935; 3067231; 4062328; 4065313; 1334212R; 1380587R; 2021095R; 3067688R; 858618Z; 858619Z; 860049PB; 860049X; 860052X,,,,,82RB10346AA,,,,,8EL737213001; CA1193IR; CA4002; CA4004; CA4005,,,,,,,92901946; 92901947,71427300; 71413500R; 71427300R,,,,,,,,A504; A506; A507; A508; A516; A629,,,LRB00627; LRB00628; LRB603; LRB606; LRB607; LRB609; LRB612; LRB617; LRB618; LRB624; LRB626; LRB627; LRB628; LRB629; LRB648; LRB655,,,,,A4020606; A4030670,,,,,,,,,,2871723; 2871740; 2871A002; 2871A003; 2871A004; 2871A682; OD167172; OD174991; OD174992; OD174993; OD174994; OD182651; OD18580; OD195281; OD196021; OD20801; OD208222; OE52773,,859605Z; 854477; 854494; 857612; 857621; 857626; 857633; 858085; 858693; 859327; 859437; 859438; 859440; 859544; 880624; 880626; 880627; 880628; 880629; 1263020; 1266450; 1266460; 1266500; 1266530; 1266580; 1266690; 1266720; 1268410; 1268470; 1268520; 1268560; 1268580; 1268590; 1268610; 1268660; 1268690; 1268700; 1263B313; 1263B317; 1268500M; 1268590C; 1268590M; 1268600M; 1268650M; 1268650MC; 857621Z; 857626Z; 858085Z; 858693Z; 859327X; 859327Z; 859437Z; 859440Z; 859544Z; 880624Z; 880626Z; 880627Z; 880628Z; 880629Z; 880648Z; 880655Z; A55242; A552430; A552437; A552440; A552446; A552456; A552458; AC5242; AC5RS24; LNA5524; LNA55240; LNA55241; LNA552412; LNA55242; LNA55243; LNA55247; Z1268580,,,,,,,3297833R91; 3304554R91; 3309731R91; 3311950R91,835339422,,,,,,,,,,,,,,,,,,ERF|ES6; ERF|EC8; ERF|EC10,3/4”,,ізольований,,
MS3-503,Стартер Prestolite MS3-503 24V 7.5 кВт,Prestolite,Стартери,STARTER,NEW,24,7.5,,12,Option: M105R3505SE,,,,,,,,,,,,,,,,,,,,DRS3523,652701; 657244; 658032; 660070; 685032; 658032X; 660070X,,,,,,1049149; 1122720; 1289487; 4039869; 11227201; 858615Z,,,,,,,,,,8EA738077001; CS4004; US1244,,,,,,,92901941,,,,,,,,,S621,,,,,,,,,,,,,,,,MS3-58,,,,MS3-351A; MS3-451A; MS3-451AZ; MS3-458AZ; MS3-51; ZMS3-503; 857663; 859261; 8592612; 857663Z; 859261Z,,,,,,,3299269R91; 3299269R92,,,,,,,,,,,,,,,,,,,ERF|EC8,,48,ізольований,46,
MS1-411A,Стартер Prestolite MS1-411A 24V 8.3 кВт,Prestolite,Стартери,STARTER,NEW,24,8.3,,11,Option: M105R3502SE,,,,,,,,,,,,,,,,,,,,DRS3429; DRS3528,651275X,,,,,,705103; 1122736; 1287210; 1297210; 4039846; 4039852; 4065203; 858613Z,,,,,,,,,,8EA732856001; CS4007; US864,,,,,,,,,,,,,,,,S626; S633,,,LRS00794; LRS794; LRS988,,,,,,,,,,,,,,,,,851539; 855682; 855746; 856954; 858506; 858553; 855682Z; 858506Z; 858553Z; MS1-111; MS1-114; MS1-211; ZMS1-411A,,,,,,,,,,,,,,,,,,,3114122,,,,,,,ERF|EC10,,47,ізольований,57,
MDA3946,Генератор Prestolite MDA3946 24V 80 A,Prestolite,Генератори,ALTERNATOR,NEW,24,,80,,,321654,,,,,,,,,0122469004,,1077977; 1322156; 0R3667; 0R3669; 0R8279,,,,3056492; 3251135; 3675174; 3675201; 3920617; 3920618; 3935530; 3935531; 3935538; 4000590; 4003446; 4936879; 6375174; 3675174RX; 3675226RX; EE1212; EE1256; EE2044; EE2050; EE2051; EE2054; EE3126; EE4063; EE4064; EE6055; EE6056; EE8015; EE8133; EE9059; EE9076; EE9119; EE9127; EE9128; EE9132; EH2050,,,,19010108; 19010111; 19010182; 19010185; 19010195; 19010200; 19020307; 19020311; 19020346; 19020366; 19020376; 19020382; 19020383; 19020391; 10459261; 10459262; 10459333; 10459461; 10459468; 10461235; 1100077; 1100093; 1100211; 1105274; 1105474; 1105475; 1105476; 1117900; 1117915; 8600154; 13330009; 13340003; 13340004; 13340008; 13340009; 13340011; 13340012; 13340013; 13340014; 19010193; 110000274; DRA0332,,,,,,1305757H91; 1307203H1; 1316278H91,3058130; 3058130R,,,76193539,,,,,,,8EL738004001; UA1114IR,,,,,,,,71440019,,,,6742015175; ALT1025; R6742015175,,,,,,,LRA02497; LRA2497,,,,OD32830P01,,,,,,,,,10459306,,CH11087,,MDA3922; 110876,,,,,,,,,,,,,,8428525; 22855335,,,,,11039152,,,,,,,ERF|EC11 / ECS / ECX; ERF|ECT,7/8”,,ізольований,,
AVI143J3004,Генератор Prestolite AVI143J3004 24V 100 A,Prestolite,Генератори,ALTERNATOR,NEW,24,,100,,,,,,,,,,,,,,,,,,,,,,19010108; 19010111; 19010182; 19010185; 19010195; 19010200; 19020307; 19020311; 19020346; 19020366; 19020376; 19020382; 19020383; 19020391; 10459261; 10459262; 10459333; 10459461; 10459468; 10461235,,,,,,,3058130,,,,,,,,,,,,,,,,,,,,,,,,,,,,,,,,,,,,,,,,,,10459306,,,,MDA3922,,,,,,,,,,,,,,,,,,,,,,,,,,ERF|EC11 / ECS / ECX; ERF|ECT,7/8”,,маса на корпус,,
M105R3502SE,Стартер Prestolite M105R3502SE 24V 7.5 кВт,Prestolite,Стартери,STARTER,NEW,24,7.5,,11,,,,,,,,,,,0001371018,,,,,,707237; 707330; 1443674; 3102920; 3103305; 3103916; 3103952; 5284083; 5284085; 1443674R; 707330RX; 859471PB; CH12807,10858441R,,,1113903; 8200022; 8200034; 8200041; 8200221; 8200410; 8200614; 8200699; 8200709; 8200712; 8200724; 10461334; 10461754; 10478898; 10478986; 10479119; 10479252; 11700041; 11700061; 19011507; 19011509; 19011522; 19011527; 19011531; DRS0096; DRS3429; DRS3528,651275X,,,,,,872331; 3011675; 1350861R; 1350878R; 858614Z; 705103; 1122736; 1287210; 1297210; 3043240; 4039846; 4039852; 4065203; 858613Z,,,,,,,,,,8EA732856001; CS4007; US864,,,,,,,,,,,,,,,,S626; S633,,,LRS00794; LRS794; LRS988,,,,,,,,82378; M004T95481; M009T82479; M4T95481; M9T82479,,,,,872325; 1122742; 1122745; 1287204; 4037350; 4039830; 858611Z; MS1-400A; MS1-401A; MS1-449A; 851122Z; 858442Z; 858979Z; 859484PB; 859485PB; 6101288000; 6101534000; 6201501000; 6201537000; FG40040; Z06031500,,2871256; CH12405,,851062Z; 851124Z; 858441Z; 859471Z; 851062; 851124; 851539; 855682; 855705; 855746; 856954; 858241; 858242; 858441; 858506; 858553; 858710; 859284; 859471; 2605097; 855682Z; 858506Z; 858553Z; 858710Z; M0017511ME; M105702; M105R3502SE2A; MS1100; MS1111; MS1114; MS1117; MS1129; MS1211; MS1300A; MS1300C; MS1311A; MS1317A; MS1329C; MS1341A; MS1400; MS1400C; MS1411A; MS1411E; MS1412E; MS1417A; MS1417E; MS1440E; MS1442A; MS1442E; MS181; MS182; MS1A12; ZMS1403A; ZMS1411A; ZMS1417A,,,,,,,,,,,,,,,,,,,3114122,,,,,,,ERF|EC11 / ECS / ECX; ERF|ECT; Foden|ALPHA,,48,ізольований,58,
M105R3518SE,Стартер Prestolite M105R3518SE 24V 7.5 кВт,Prestolite,Стартери,STARTER,NEW,24,7.5,,11,2-pin plug,,,,,,,,,,0001371020,,,,,,,,,,DRS0092,,,,,,,,,,,,,,,,,,,,,,,,,,,,,,,,,,,,,,,,81262016022,,,,,,,,,,,,,,,,,,,,,,,,,,,,,,,,,,,,,,,ERF|EC11 / ECS / ECX,,48,ізольований,58,
MS1-410A,Стартер Prestolite MS1-410A 24V 8.3 кВт,Prestolite,Стартери,STARTER,NEW,24,8.3,,12,,323777; 323859; 323929,,,,,,,,,0001420003; 0001420004; 0001420005; 0001420009; 0001420013; 0001420014; 0001420024,,25900; 372652; 1068552; 2071541; 10R0399; 10R0405; 2P2502; 3P0006; 3P0007; 3P0110; 3T2647; 3T2756; 4N7902; 5A6494; 5R4865; 6V5821; 7S5900; 9G4337; 9X4447; 9X4507,,,,197127; 3011895; 3255945; 3281634; 3286502; 3328552; 3902661; 3907821; 3910646; 3925082; 3930845; 3936150; 3936332; 3938499; 3938502; 3604233RX; 3604484RX; 3675120RX; 3910646RX; ST2008; ST9022; ST9061; ST9071; ST9099; ST9106; ST9109; ST9134; ST9152; ST9169; ST9172; ST9185,0486164R,,,1113827; 1113840; 1113853; 1113901; 1113919; 1113923; 1113928; 1113930; 1113934; 1113942; 1113943; 1113950; 1113951; 1113959; 1113960; 1113962; 1113967; 1113969; 1113982; 1113989; 1113990; 1113992; 1113993; 1113998; 1114706; 1114711; 1114712; 1114729; 1114735; 1114738; 1114740; 1114742; 1114759; 1114767; 1114772; 1114793; 1114805; 1114843; 1114845; 1114856; 1114857; 1114858; 1114859; 1114860; 1114861; 1114862; 1114863; 1114864; 1114872; 1114905; 1114910; 1114914; 1114917; 1114945; 1114949; 1114953; 1114968; 1114980; 1114989; 1990204; 1990283; 1990297; 1990324; 1990343; 1990357; 1990359; 1990360; 1990364; 1990366; 1990373; 1990402; 1990412; 1990413; 1990414; 1990432; 1990453; 1990455; 1990474; 1990497; 1990797; 1993704; 1993796; 1993797; 1993804; 1993808; 1993814; 1993815; 1993833; 1993936; 1993940; 1993944; 1993980; 1993993; 10461025; 10461031; 10461107; 10461136; 10461142; 10461242; 10461338; 10461339; 10461341; 10461345; 10461357; 10461358; 10461361; 10461397; 10461413; 10461533; 10478939; 10478940; 10478941; 10478942; 10478944; 10478947; 10478989; 10478995; 10479009; 10479011; 10479053; 10479100; 10479115; 10479118; 10479120; 10479121; 10479136; 10479178; 10479238; 10479264; 11700002; 11700003; 11700005; 11700006; 11700007; 11700008; 11700009; 11700011; 11700014; 11700015; 11700016; 11700018; 11700019; 11700021; 11700022; 11700025; 11700031; 11700034; 11700035; 11700036; 11700043; 11700045; 11700050; 11700052; 11700053; 11700054; 11700059; 11700070; 11700084; 11700085; 11700089; 11700097; 11700101; 19024148,1280007510; 1280007520; 1280007530; 4280001440,R0461339,01182390,,,,1048604; 1499630; 3011669; 3059144; 1048604R; 1365688R; 1674004R; 2010892R; 858900Z,,,4816170,,F6HT11001EA; F6HZ11002EA,,323935,,,8EA730303001; 8EA738075001; CS4001; US1242,,,,,,,,,RE13942; RE38634; RE43047; RE515895; RE63094; RE69591,,,6742014240; 1219520H92; 1219521H92; 1219526H92; 1221592H91; 1243215H92; 1304953H91; 1307569H91; 690644C91; R6742014240; STR1016; STR1019,,,,S601,,,LRS770,,,11139031,,,,,M007T03774; M007T03777,,,,,,,CV65429; CV65432; OD167401; OD167404; OD200631; OD200634; OD203961; OD203964; OD203971; OD203974; OD218571; OD218574; OE51421; OE51422; OE52762; OE52763,,MS1-310; MS1-319A; MS1-404P; MS1-410P; 850277Z; 855707Z; 858445Z; 8584512Z; 858451Z; 858712Z; 850277; 851002; 852563; 854667; 855698; 855707; 858373; 858445; 858451; 858624; 858625; 858712; 859344; 8584452; 8584512; M105R3505SE; MS1104; MS1110; MS1119; MS1130; MS1210; MS16; MS186; MS191; MS192; ZMS1403A; ZMS1410A,,,,,,,3294465R91,,,,,,,,,D13E77T,,,872364; 9000872364; 9011030394,,,,,,,ERF|EC14,,47,ізольований,46,
M100R2030SE,Стартер Prestolite M100R2030SE 12V 3.8 кВт,Prestolite,Стартери,STARTER,NEW,12,3.8,,12,,,,,,,,,,,,,,,,,,,,,,,,,,,,,,,,,5S4511000AA; 6C3511001AA,,,,,,,,,,,,,,,,,,,,,,,,,,,,,,,,,,,,,8048006,,,,35261760; 35262570,,,,,,,,,,,,,,,,,,,,,,,,,,Ford|F250 / F350 / F4000,,48,маса на корпус,37,
A5007H,Генератор Prestolite A5007H 24V 75 A,Prestolite,Генератори,ALTERNATOR,NEW,24,,75,,,,,,,,,,,,,,,,,,,,,,,,,,,,,,,,,,,,,,,,,LR280-508; LR280-508B; LR280-507B; LR280-506; LR280-505; LR280-503B; LR280-502; LR280-501; HAL280508B; LR280509,,,,8972489141; 8973515740; 9873325020; 8972416291; 8972482951; 8972489150; 8973325020; 8973325032; 8973515741; 8981808750,,,,,,,,,12718,,,,,,,,,,,,,,,,,LR280-507,,,,,,,,,,,,,,,,,,,,,,,,,,,,,,Isuzu|NKR; Isuzu|NPR,20mm,,маса на корпус,,"3V, 81mm"
861350,Стартер Prestolite 861350 24V 4 кВт,Prestolite,Стартери,STARTER,NEW,24,4,,11,"S25-163(A, B, C, D, E, F, G), S25-300, S25-300A,. S25-501(A, B, C), S25-505(A, C, E, F, G, H, J, K),. S25-515(A, B, C, D), S25-520(A, AS) + MORE",,,,,,,,,,,,,,,,,,,DRS0845; DS1955,,,,,,,,,,,,,,,,,,,,S25163; S25163A; S25163B; S25163C; S25163E; S25168; S25308; S25308A; S25501; S255015; S25501A; S25501B; S25501C; S25505; S25505E; S25505F; S25505G; S25505H; S25505J; S25505K; S25511; S25511A; S25511B; S25511C; S25515; S25515A; S25515AS; S25515B; S25515C,,,,8970324640; 8970324642; 8970655260; 8970958110; 8970958113; 8971722112; 8913239352; 8941337580; 8970655262; 8970958112; 8971009261; 8972161861; 8973239350; 8973239352; 8973279352; 8980090430; 8980549840; 8982220181; 8982220182; 8982220230,,,,,,,,,,,,,,,943225163010; MSRC25163,,,,,,M008T85372; M8T85372,,,,,8971722110; 8972161860,,,,,,,,,,,,,,,,,,,,,,,,,,,,,,Isuzu|NKR; Isuzu|NPR,,43,маса на корпус,40,
861093,Стартер Prestolite 861093 12V 3 кВт,Prestolite,Стартери,STARTER,NEW,12,3,,9,,,,,,,,,12417754662,05712909,0001230006; 0001230014; 0001262002; 0001358046; 0001358049; 0001359027; 0001359073; 0001362016; 0001362031; 0001362034; 0001362091; 0001362305; 0001362313; 0001362703; 0001365004; 0001369014; 0986019020,,,,,6005025776,,,,,1113286; DRS9020,,,,,,,,,F514900060040; F716900060010; F716900060060,,,,,,,,8EA737629001; CS1130,,,,,,,42498131; 42498132; 42522733; 42522864,,,,1163758; 01179032; 01180928; 1180928; 01181976; 1181976; 01182233; 1182233; 01183235; 1183235; 03045396; 03046531; 03046978; 4238256,,,,,,,,LRS01603,,063522300060; MSN2038,,,,,,,,,,,,,,,,,,,,,,,,,,,,,,,,,,,,,,,,,Iveco|80-13 / 90-13 / 110-13,,28,маса на корпус,35,
M100R2014SE,Стартер Prestolite M100R2014SE 12V 4 кВт,Prestolite,Стартери,STARTER,NEW,12,4,,10,,323448,X830100007000,,,,,,12417754662,05710901; 5710901; 05710905; 05710917; 5710917; 05710919; 05710923; 5710923; 05710927; 5710927; 05710990; 05710991; 05710992; 05712909; 5712909; 05719269; 05719897; 5719897; 05710901R; 05712904R,0001230006; 0001230014; 0001262002; 0001358046; 0001358049; 0001359027; 0001359073; 0001362016; 0001362031; 0001362034; 0001362091; 0001362305; 0001362313; 0001362703; 0001365004; 0001369014; 0001354098; 0001358044; 0001359012; 0001359046; 0001359049; 0001359078; 0001359096; 0001362311; 0001367000; 0001367004; 0001367052; 0986010990; 0986010991; 0986011140; 0986011180; 0986011200; 0986011201; 0986013680; 0986016550; 0986016557; 0986019020; 0986019547; BX1099; BX1114; BX1118; BX1368; BX1902; BX362034; BX362091; F002G20563; S307; S926X; SR912X; SR926X; SR9942X,,,,6000102270; 6000102394; 6005003155; 6005003156; 6005016395,6005025776,5263797,,,,1109496; 1113286; 1998380; 10465055; 10465319; 19024224; 19024235; 19024252; 19024824; 19083022; 90014100; DRS0990; DRS1140; DRS1143; DRS1180; DRS1200; DRS3680; DRS6550; DRS6550N; DRS9020; DS7660; DS7660N,,,01161384; 1161384; 01163669; 1163669; 01164994; 1164994; 01173240; 1173240; 1174166; 01180928; 1180928; 01181976; 01182233; 01182925; 01183120; 01183235; 01183677; 01183712; 3040006; 03045396; 04238256; 01180928KZ; 117052X; B28R12X4H7622,090021179,,,,,716900060010; 716900060060; F119900060010; F514900060040; F716900060010; F716900060060; F716903060040; G380900060010; X830100001; X830100007,,,,,,1269844,,01161094; 8EA725962001; 8EA725967001; 8EA726146001; 8EA737086001; 8EA737629001; CS103; CS1130; CS114; CS398; JST3101,,,SM2503; SM2507,,,,42498131; 42498132; 42522733; 42522864,,,,1163758; 01163758; 01164668; 1164668; 01170052; 01174166; 01175886; 1175886; 1178026; 01178686; 1178686; 01179032; 01179318; 1179318; 01179319; 1179319; 01180805; 1181976; 1182233; 1183235; 2919055; 03046531; 03046978; 4238256; B15R12X3H762; B15R12X3H7622; B4R12X3H7622,,,,14100; 17074; 17075; 18026; 18027; 30056; 30057; 182188,S303,6104024; 6107108,,26025155A; LRS00672; LRS00762; LRS01603; LRS0603; LRS672; LRS762; LRS921,26025155; LES0472; LRS00921; LRS00987; LRS786; LRS987,63217407; 943216818; 943217407; 943252071; 943252204; 943252216; 943252217; 063522300060; MSN2038; MSN697; MSR218; MSR240; MSR683; MSR697; MSR706; MSR707; MT68T; MT71MK; MT74G,11130026; 11130117; 11130484; 11130551; 11130552; 11130567; 11130619; 11130841; 11130865; 11131769; 11132255; 72735848; 72735905; 72735936; AZF4514; AZF5197; AZJ0402; AZJ3128; AZJ3169; AZJ3170; AZJ3179; AZJ3196; AZJ3475; AZJ3508; IS0026; IS0117; IS0484; IS0551; IS0552; IS0567; IS0619; IS0841; IS0865; IS1254; MS220; MS277; MS308,,,114939706,,,,,605720100084,,,,,,20500762; 35256954; 35258620; 35261435; 35262490; 66925001; 859979Z; 860118Z; PBNS0762; PBNS3102,,,,,,,,,,,081382305; 081387004,,,,,433318; 436077,,,85000441,,,,,,,Iveco|80-13 / 90-13 / 110-13,,28,маса на корпус,38,
861053,Стартер Prestolite 861053 24V 4 кВт,Prestolite,Стартери,STARTER,NEW,24,4,,9,,,,,,,,,,05710903; 05710930; 05726191; 5726191,0001231005; 0001231028; 0001263008; 0001360012; 0001360014; 0001360030; 0001360035; 0001364100; 0001364301; 0001368001; 0001368007; SR913X; 0986011270; 0986012700; 0986021000; BX1127; BX1270; BX2100; SR925X,E41565; E41565EX,,,,,,,,,19024226; 19024234; 19024813; 90010460; 90011580; 91311580; DRS1270; DRS2700; DRT1000,,,1161422; 1163626; 1164995; 1172099; 1173241; 1173820; 1179586; 1182931; 01183122; 1183122; 1183239; 1183681; 01183716; 1302023; 30465730; 42488477; B17R24X4; B29R24X4H7622,S3708010D286,DST9233353,,,1701065; 4159015,,,,,,,,114939702,8EA012586441; 8EA012586611; 8EA726149001; 8EA726170001; CS1514; CS501; CS530,,,C4983067,,,,42522641; 42522653; 42522942,,,,01180999; 1180999; 01182235; 1182235; 3043990,,,,,S330,6200662; 6200827,,LRS00923; LRS01936; LRS923; LRS960,,943252205; 943252215; 063522310050; MSN2043; MSR698; MSR705,11130141; 11130151; 11130178; 11130491; 11130673; 11139004; 11139041; AZJ3132; AZJ3222; AZJ3518; AZJ3522; AZK5164; IS0151; IS0491,,,,,,,,,,,,,,859539; 20500923; 20500923GB; 860102Z; M93R3004SE; PBNS0923,,,,,,,,,0001115485; 0001115489; 1115489; 0001115490; 1115490,,,,,,,455516; 455533,,,6209190; 22175635,,,,,,,Iveco|80-13 / 90-13 / 110-13,,28,маса на корпус,35,
M93R3004SE,Стартер Prestolite M93R3004SE 24V 4 кВт,Prestolite,Стартери,STARTER,NEW,24,4,,10,,,,,,,,,,05710903; 05710930; 05726191; 5726191,0001231005; 0001231028; 0001263008; 0001360012; 0001360014; 0001360030; 0001360035; 0001364100; 0001364301; 0001368001; 0001368007; SR913X; 0986011270; 0986012700; 0986021000; BX1127; BX1270; BX2100; SR925X,,,,,,,,,,19024813; DRS2700; DRT1000,,,1163626; 1179586; 1182931; 01183122; 1183122; 1183239; 1183681; 01183716; 30465730,S3708010D286,,,,1701065; 4159015,,,,,,,,114939702,8EA726149001; 8EA726170001; CS501; CS530,,,C4983067,,,,42522641; 42522653; 42522942,,,,01180999; 1180999; 01182235; 1182235,,,,,S312; S330,6200662; 6200827,,600003094; 26025117A; LRS00923; LRS01936; LRS923; LRS960,,943252205; 943252215; 063522310050; MSN2043; MSR698; MSR705,11130141; 11130151; 11130491; 11130673; AZJ3132; AZJ3222; AZJ3518; AZJ3522; IS0151; IS0491,,,,,,,,,,,,,,20500923; 20500923GB; 860102Z; M93R3004SEVPP; PBNS0923,,,,,,,,,0001115485; 0001115489; 0001115490; 1115490,,,,,,,455516; 455533,,,6209190,,,,,,,Iveco|80-13 / 90-13 / 110-13,,28,маса на корпус,38,
M81R3007,Стартер Prestolite M81R3007 24V 3.5 кВт,Prestolite,Стартери,STARTER,NEW,24,3.5,,10,,,,,,,,,,,,,,,,,,,,,,,,,,,,,,,,,,,,,,,,,,,,,,,,,,,,,,,,,,,,,,,,,,,,,,for maximum 5L engine,,,,,,,,,,,,,,,,,,,,,,,,,,,,,,Iveco|80-13 / 90-13 / 110-13,,28,маса на корпус,39,
860513GB,Стартер Prestolite 860513GB 24V 6.6 кВт,Prestolite,Стартери,STARTER,NEW,24,6.6,,11,,,,,,IM664,,,,,0001417064; 0986017850; BX1785,,,,,,,,,,11790013; 19024122; DRS7850,,,,,,,,,,,,,,,,,8EA737676001; CS1163,,,,,,,04839041; 4839041; 42498620,,,,,,,,,,,,LRS01906,,943252690; MSR748,11139137; AZK5484; IS9124,,,,,,,,,,,,,,860513,,,,,,,,,,,,,,,,,,,,,,,,,,Iveco|180 / 190 / 240 / 260 / 400 / 440 / 720 E37 / 42 / 47,,48,маса на корпус,41,
860141,Генератор Prestolite 860141 24V 30 A,Prestolite,Генератори,ALTERNATOR,NEW,24,,30,,,,,,,,,,,,0120488252; 0120488253; 0120489410; 0120489411; 0120489412; 0120489413; 0120489414; 0120489612; 0120489638; 0120489639; 0120489661; 0120489682; 0120489792; 0120489793; 0120489794; 0120489795; 0120489796; 0986031340; 0986032191; 0986041940; 0986121194; BX3134; BX3219; BX4194,,,,,,,,,,19025044; 19025047; 19025057; 90010890; 90013720; 90211495; 91310890; 91313720; DRA1340; DRB1940,DAR506,,,,,,,,,4376714; 4424962; 4424963; 4699242; 4702306; 4702308; 4715786; 4717509; 4717871; 4718088; 4721890; 4722724; 4738569; 4738570; 4738571; 4738772; 4738773; 4738778; 4786913; 4808526; 4808528; 63321115; 77050550; 88206020,,,,,,,8EL012584031; 8EL725640001; 8EL737647001; CA1448IR; CA212IR,,,,,,,4474592; 4474902; 4738563; 4738774; 4738775; 4808268; 4808269; 4808270; 4808519; 4808520; 42498163; 42498164; 42498165; 42498213; 42498271; 42498594; 42498628; 98417133; 98417134; 98417201; 98417208; 98417209; 98417212; 2997074,,,,,,294391800,,,A309,,,A0828; LRA839; LRB00300; LRB300; VA01017,,63306000; 63306010; 63306020; 63306025; 63306030; 63306040; 63306050; 63306060; 63306070; 63306079; 63306080; 63306089; 63306090; 63306099; 63306300; 63306301; 63306310; 63306320; 63306330; 63306340; 63306350; 63306360; 63306369; 63306370; 63306379; 63306380; 63306389; 63306390; 63306399; 63308300; 63308310; 63308320; 63308330; 63308340; 63308350; 63308360; 63308370; 63308380; 63308389; 63308399; 63320025; 63320060; 63320114; 63321045; 63321046; 63321047; 63321048; 63321049; 63321050; 63321051; 63321052; 63321053; 63321054; 63321055; 63321063; 63321104; 63405206; 943308300; 943320025; 9763321045; MAN261; MAR729,11201055; 11201219; 11201370; 11201444; 11201468; 11201499; 11201555; AAK1110; AAK1182; AAK1370; AAK3547; AAK3564; AAK4183; IA0055; IA0468,,,,,,,,,,,,,,860141Z; PBNA0839,,,,,,,,,,,,,,,,432990; 436416; 436616; 510391; 9AR3952G; NA135; NA181; NA386,,,,,,,,,,Iveco|EUROCARGO||-2000,17mm,,маса на корпус,,
860576,Генератор Prestolite 860576 24V 55 A,Prestolite,Генератори,ALTERNATOR,NEW,24,,55,,,,,,,VG541,,,,,0120469010; 0120469022; 0120469023; 0120469026; 0120469027; 0120469031; 0120469037; 0120469048; 0120469113; 0120469978; 0120469999; 0986039130; BX3913,,,,,,,,,,19025048; 19025106; 19093063; 91311500; DRA9120; DRA9130,,,,,,,,,,4757192; 4757193; 4757194; 4844266; 79014078,,94VB10300AA; 94VB10300BA,,,,,8EL012584041; 8EL737518001; CA1336IR,,,,,,,47571930; 98418362; 98419031; 98419032; 98419033; 98419034; 98424450; 98465401; 98479517; 99461190; 98419035,,,,,,,,,A337,,,LRA00938; LRB00310; LRB310,,063304500; 63304500; 63304520; 63304550; 63304570; 63304770; 943357772; 943357801; MAR909,11201535; 11201555; AAK3594; IA0535,,,,,,,,,,,,,,860147Z; PBNA1310; Z860576,,,,,,,,,,,,,,,,436417; 436650; 2541635; A14N182; A14N190,,,,,,,,,,Iveco|EUROCARGO||-2000,17mm,,маса на корпус,,"Single V, 54mm"
860817,Стартер Prestolite 860817 24V 4 кВт,Prestolite,Стартери,STARTER,NEW,24,4,,9,,,,,,,,,,,0001231011; 0001360063; 0001368020; 0986011330; 0986011331; 0986019010; BX1133; BX1901; 0001123009,,,,,,,,,,19024232; 19024256; 19084022; 19084212; DRS1330; DRS3828,,,,,,,,,,4737756,,,,,,,8EA726142001; 8EA737936001; CS1248; CS394,,,,,,,1516696; 4716026; 4755111; 4807379; 42498145; 500325137; 1516696R,,,,,,,,,S317,,,LRS00841; LRS01942; LRS1942; LRS841,,63216740; 63216741; 063522310110; MSN2045; MSN521; MT67C; MT67CA; MT67CB,11130124; 11130490; AZJ3131; AZJ3515; IS0490,,,,,,,,,,,,,,858320Z; PBNS0841; Z858320,,,,,,,,,,,,,,,,455518,,,,,,,,,,Iveco|EUROCARGO||-2000,,28,маса на корпус,35,
861049,Стартер Prestolite 861049 24V 4 кВт,Prestolite,Стартери,STARTER,NEW,24,4,,9,,,,,,,,,,,0001231010; 0001360015; 0001360043; 0001363101; 0001363111; 0001368019; 0986011310; 0986021690; BX1131; BX2169; 0001359021; 0986011160; 0986011161; BX1116,,,,,,,,,,19024242; 19084034; 19084219; DRS1160; DRS1310; DRT1690,DSR500,,,,,,,,,929162; 4691200,,,,,,,8EA012586111; 8EA726030001; 8EA726031001; CS232,,,,,,,2997076; 4169095; 4231018; 4269114; 4682999; 4755108; 4807378; 7740560; 46924777; 77080560; 77414431; 77445430; 500325185; 2997051; 4744811; 4744841; 92900352; 92900518; 504038038; 504072485,,,,,,,4807377,,S316,,,61924031; LRS00837; LRS837,,63216727; 63216731; 63217201; 63217226; 9763216731; MSR237; MT67A; MT67AA; MT67AB; MT67AC; MT67AD; MT72A; MT72AA; MT72AB,11130146; 11130216; 11130492; AZJ3133; AZJ3520; AZJ3542; IS0216; IS0492,,,,,,,,,,,,,,860111; 860111Z; PBNS0837; Z860111,,,,,,,,,,,,,,,,,,,,,,,,,,Iveco|EUROCARGO||-2000,,28,маса на корпус,35,
AVI150S1108HP,Генератор Prestolite AVI150S1108HP 24V 190 A,Prestolite,Генератори,ALTERNATOR,NEW,24,,190,,,,,,,,,,,,0124555005; 0124555061; 0124655005; 0124655065; 0124655082; 0124655091; B120516380; 0986045160; 0986045430; BX4516; BX4543,,,,,,5259577; 5259578; 5284097; 5332605; TM7505001,,,,,664466; 11060855,,,,,,,,,,,,,,,,,,,,,8066397,,2995976; 2995978; 0003350301; 4892318; 4892320; 42498713; 994892320,,,,,,,,,,,,,,,,,,,,,,,,,,,,,AVI150S1112HP,,,,,,,,,,,,,1631ANF01,,,,,,,,,,CEP00462,,,Iveco|EUROCARGO TECTOR||2000-2004,17mm,,маса на корпус,,"8pK, 55mm"
860716,Стартер Prestolite 860716 24V 4 кВт,Prestolite,Стартери,STARTER,NEW,24,4,,10,,,,,,,,,,,0001231016; 0001231146; 0001263021; 0001263022; 0986020170; BX2017; 0001263005; 0001263006,,,,,,5259579,,,,19083029; DRS0836; DRT0170,,,,,,,,,,,,,,,,,8EA012586521; 8EA738030001; CS1268,,,,,,,2995986; 3749801; 0003749801; 4892338; 04892338; 42498718; 489233800; 994892338; 5801381129; 5801577135,,,,,,,,,,,,LRS02180; LRS2180,,06322310160; MSN2008,11131846; IS264,,,,,,,,,23300LA4MA,,,,,860716Z; M93R3059SE,,,,,,,,,,,,,,,,458332,,,,,,,,,,Iveco|EUROCARGO TECTOR||2000-2004,,48,маса на корпус,40,
M93R3059SE,Стартер Prestolite M93R3059SE 24V 5 кВт,Prestolite,Стартери,STARTER,NEW,24,5,,10,,,,,,,,,,,0001231016; 0001231146; 0001263021; 0001263022; 0986020170; BX2017; 0001251009; 0001251010; 0001263005; 0001263006,,,,,,5259579; 5265096; 5268413,,,,19083029; DRS0836; DRT0170,,,,,,,,,,,,,,,,,8EA012081021; 8EA738030001; CS1268,,,,,,,2995986; 3749801; 0003749801; 4892338; 04892338; 42498718; 489233800; 994892338; 5801381129; 5801577135,,,,,,,,,,,,LRS02180; LRS2180,,06322310160; MSN2008,11131846; IS264; MS100,,,,,,,,,23300LA4MA,,,,,860716Z,,,,,,,,,,,,,,,,458332,,,,,,,,,,Iveco|EUROCARGO TECTOR||2000-2004,,48,маса на корпус,40,
861314,Стартер Prestolite 861314 24V 4 кВт,Prestolite,Стартери,STARTER,NEW,24,4,,10,,,,,,,,,,,0001231039; 0001251004; 0001263024; 0986022400; BX2240,,,,,,,,,,19083033; 19084215; DRS0153,,,,,,,,,,,,,,,,,8EA012586631,,,,,,,504120738; 504368346; 5801520336,,,,,,,,,,,,LRS02554,,,11131501; 72735767; AZF4646; IS1277; MS139,,,,,,,,,,,,,,,,,,,,,,,,,,,,,,,,,,,,,,,,Iveco|EUROCARGO TECTOR||2004-,,48,маса на корпус,40,
860712GB,Генератор Prestolite 860712GB 24V 90 A,Prestolite,Генератори,ALTERNATOR,NEW,24,,90,,,,,,,,,,,,0123525502; 0986046040; BX4604,,,,,,,,,,DRB6040,,,,,,,,,,6353525,,,,12590N,,,8EL737916001; CA1633IR,,,,,,,2995980; 2998646; 500315943; 500331734; 504028095; 504109413; 504114396; 504065776,,,,,,,,,,,,LRA02516; LRA2516,,,,,,,,A004TA0592; A4TA0592,,,,,,,,,860622; 860712,5001859608,,,,,,,,,,,,,,,,,,,,,,,,,Iveco|TRAKKER SERIES; Iveco|STRALLIS SERIES,17mm,,маса на корпус,,"12pK, 68mm"
861286,Генератор Prestolite 861286 24V 100 A,Prestolite,Генератори,ALTERNATOR,NEW,24,,100,,,,,,,,,,,,0123525502; 0986046040; BX4604,,,,,,,,,,8600498; DRA1356; DRB6040,,,,,,,,,,6353525,,,,12590N,,,8EL012584001; 8EL737916001; CA1633IR,,,,,,,504349338; 504349350; 2995980; 2998646; 500315943; 500331734; 504028095; 504065776; 504109413; 504114396; 5802122271,,,,,,,,,,,,LRA02516; LRA2516,,,,,,,,A004TA0592; A004TA8292; A004TA8492; A004TA8792; A4TA0592; A4TA8292; A4TA8491; A4TA8492; A004TA8492A; A4TA8492A,,,,,,,,,860622,5001859608,,,,,,,,,,,,,,,,,,,,,,,,,Iveco|TRAKKER SERIES; Iveco|STRALLIS SERIES,17mm,,маса на корпус,,"12pK, 69mm"
861342,Генератор Prestolite 861342 24V 120 A,Prestolite,Генератори,ALTERNATOR,NEW,24,,120,,with 5-pin plug. with 5-pin plug,,,,,,,,,,,,,,,,,,,,DRA1537,,,,,,,,,,,,,,,,,,,,,,,,504342586,,,,,,,,,,,,,,,,,,,,A004TR5792; A004TR5792ZT; A4TR5792; A4TR5792ZT,,,,,,,,,,,,,,,,,,,,,,,,,,,,,,,,,,,Iveco|TRAKKER SERIES; Iveco|STRALLIS SERIES,17mm,,маса на корпус,,"12pK, 69mm"
20540102,Стартер Prestolite 20540102 24V 4.5 кВт,Prestolite,Стартери,STARTER,NEW,24,4.5,,10,,,,,,,,,,,0986022940,,,,,,,,,,19085004; DRS3899; DRS3899N,2280005640; 2280005641; DSN939,,,,,,,,,,,,,,,,8EA012586001; 8EA738258111; CS1383,,,,,,,2995138; 99432760; 5001857982,,,,,,,,,,,,LRS01957,,,,,,,,,,,,,,,,,PBNS4102,,,,,,,,,,,,,,,,,,,,,,,,,,Iveco|TRAKKER SERIES; Iveco|STRALLIS SERIES,,49,маса на корпус,40,
M85R3004SE,Стартер Prestolite M85R3004SE 24V 5 кВт,Prestolite,Стартери,STARTER,NEW,24,5,,10,,,,,,,,,,,0986022940,,,,,,,,,,19081024; 19081100; DRS0282,,,,,,,,,,,,,,,,,CS1383,,,,,,,504025884,,,,,,,,,,,,LRS02540,,,,,,,,M008T61671; M008T61671AM; M008T61671ZZ9; M008T63471; M008T63471AM; M8T61671; M8T61671AM; M8T63471; M8T63471AM,,,,,,,,,861295,,,,,,,,,,,,,,,,,,,,,,,,,,Iveco|TRAKKER SERIES; Iveco|STRALLIS SERIES,,47,маса на корпус,40,
20540101,Стартер Prestolite 20540101 24V 5.5 кВт,Prestolite,Стартери,STARTER,NEW,24,5.5,,10,,,,,,,,,,,0986023430,47435950,,,,,,,,,DRS3897,2280007550; DSN940,,,,,,,,,,,,,,,,8EA012586251; 8EA738152001; CS1292,,,,,,,2995988; 42498115; 99486046; 5801710983,,,,,,,,,,,,LRS01958; LRS1958,,,,,,,,,,,,,,,,,,,,,,,,,,,,,,,,,,,,,,,,,,,Iveco|STRALLIS SERIES,,49,маса на корпус,40,
M90R3554SE,Стартер Prestolite M90R3554SE 24V 6 кВт,Prestolite,Стартери,STARTER,NEW,24,6,,12,,,,,,,,,,,0986023270,,,,,,,,,,19081000; 19081903; DRS0229,,,,,,,,,,,,,,,,,8EA012586551; CS1432,,,,,,,2995373; 504042667,,,,,,,,,,,,LRS02401,,,,,,,,M009T67671; M9T61671; M009T61671; M9T67671,,,,,,,,,,,,,,,,,,,,,,,,,,,,,,,,,,,Iveco|STRALLIS SERIES,,48,маса на корпус,47,
AC172RA363B,Генератор Prestolite AC172RA363B 24V 140 A,Prestolite,Генератори,ALTERNATOR,NEW,24,,140,,Upgrade option: 1277A740,,,,,,,,,,,,,,,,,,,,,,,,,,,,,,,,,,,,,,,,C4934604; C5253001,,,,,,,,,,,,,,,,,,,,,,,,,,,,,AC172RA308,,,,,,,,,,,,,,,,,,,,,,,,,,,,,,Kamaz|4308; Kamaz|5308; Kamaz|43225; Kamaz|6515,30mm,,ізольований,,"8pK, 63mm"
1277A740,Генератор Prestolite 1277A740 24V 155 A,Prestolite,Генератори,ALTERNATOR,NEW,24,,155,,,,,,,,,61920309; 934791528; 57RS304686; 57RS309306,,,,,,,,,3282516; 4834604; 4934604; 5253001,,,,,655318; 657990; 659717; 661098; 655318X; 657990X; 659717X,,,,,,1156114; 4143040,,,,,,,,,,CA4016,,,C4934604; C5253001,,,,,,,,,,,,,A658; A668,,,,,,,,,,,,,,,,,,CV21023,,AC172RA 308B; 1277500; 1277620; 1277740; 1277500C; 880706Z; 880723Z; 880728Z; AC172RA301B; AC172RA307B; AC172RA321B; AC172RA327B; AC172RA332B; AC172RA333B; AC172RA342B; AC172RA343B; AC172RA346B; AC172RA363B; Z1277740; Z1277A740,5001826638; 5010257061,,,,,,,,,0104101055,,,,,,,,10999610; 109999610,,,,,,,370100327,Kamaz|4308; Kamaz|5308; Kamaz|43225; Kamaz|6515,30mm,,ізольований,,
JFZ275,Генератор Prestolite JFZ275 24V 75 A,Prestolite,Генератори,ALTERNATOR,NEW,24,,75,,,,,,,,,,,,,,,,,,4844738,,,,,,,,,,,,,,,,,,,,,,,,C4944738,,,,,,,,,,,,,,,,,,,,,,,,,,,,,370100689,,,,,,,,,,,,,,,,,,,,,,,,,,,,,370100469; 370100687,Kamaz|4308; Kamaz|5308; Kamaz|43225; Kamaz|6515,20mm,,маса на корпус,,"8pK, 60mm"
JFZ276W,Генератор Prestolite JFZ276W 24V 75 A,Prestolite,Генератори,ALTERNATOR,NEW,24,,75,,,,,,,,,,,,,,,,,,3415609,,,,,,,,,,,,,,,,,,,,,,,,C3415609,,,,,,,,,,,,,,,,,,,,,,,,,,,,,3701800060; 37T6701001A,,,,,,,,,,,,,,,,,,,,,,,,,1610036000103,,,,,Kamaz|4308; Kamaz|5308; Kamaz|43225; Kamaz|6515,20mm,,маса на корпус,,"8pK, 60mm"
JFZ2710F,Генератор Prestolite JFZ2710F 24V 75 A,Prestolite,Генератори,ALTERNATOR,NEW,24,,75,,,,,,,,,,,,,,,,,,,,,,,,,,,,,,,,,,,,,,,,,,,,,,,,,,,,,,,,,,,,,,,,,,,,,,,C4939018; C3972529,,,,,,,,,,,,,,,,,,,,,,,,,,,,,,Kamaz|4308; Kamaz|5308; Kamaz|43225; Kamaz|6515,20mm,,маса на корпус,,"8pK, 60mm"
M93R3002SE,Стартер Prestolite M93R3002SE 24V 6 кВт,Prestolite,Стартери,STARTER,NEW,24,6,,12,,,,,,,,,,,,,,,,,C4929600; 4983774; C4935789; C4944701; C5288683,,,,,,,,,,,,,,,,,,,,,,,,C4983774; 3708N010,,,,,,,,,,,,,,,,,,,,,,,,,,,,,C3968130,,,,,,,,,,,,,,,,,,,,,,,,,,,,,,Kamaz|4308; Kamaz|5308; Kamaz|43225; Kamaz|6515,,48,маса на корпус,37,
M93R3014SE,Стартер Prestolite M93R3014SE 24V 6 кВт,Prestolite,Стартери,STARTER,NEW,24,6,,10,,,,,,,,,,,,,,,,,C4934622; 4983068; 5266537; C5286774,,,,,662515,,,,,,,,,,,,,,,,,,,C4983068,,,,,,,,,,,,,,,,,,,,,,,,,,,,,37HBA08010; G6056858YBM601030034; 10001100158,,,,,,,,,,,,,,,,,,,,,,,,,1610036000026,,,,101500011,Kamaz|4308; Kamaz|5308; Kamaz|43225; Kamaz|6515,,48,маса на корпус,40,
M93R3026SE,Стартер Prestolite M93R3026SE 24V 6 кВт,Prestolite,Стартери,STARTER,NEW,24,6,,10,,,,,,,,,,,,,,,,,4992135; ST9478,,,,,,,,,,,,,,,,,,,,,,,,,,,,,,,,,,,,,,,,,,,,,,,,,,,,,C4992135,,,,,,,,,,,,,,,,,,,,,,,,,,,,,,Kamaz|4308; Kamaz|5308; Kamaz|43225; Kamaz|6515,,48,маса на корпус,40,
M93R3119SE,Стартер Prestolite M93R3119SE 24V 6 кВт,Prestolite,Стартери,STARTER,NEW,24,6,,10,,,,,,,2502370831; 5402370800001; ST142102501,,,,0001261006; 0001241016; 1986S10043,,,,,,,,,,,,,,,,,,,,,,,,,,,,,,,,,,,,,91023708000,,,,,,,,,,,,AZF4554; 11131775; MS731; IS1102,,,,,,,,,,,,,18323778000,,,,,,,,,,,,,,,,,,,,,,,,,,,Kamaz|5350; Kamaz|63501; Kamaz|6511; Kamaz|65115; Kamaz|65201; Kamaz|6522,,47,маса на корпус,46.9,
860818,Стартер Prestolite 860818 24V 4 кВт,Prestolite,Стартери,STARTER,NEW,24,4,,11,,,,,,,,,,,0001231007; 0001231019; 0001231030; 0001368031; 0001368056; 0001368305; 0001368310; 0001368317; 0986013720; 0986017870; 0986018990; BX1372; BX1787; BX1899,,,,,,,1516694; 1516694R,,,19024286; 19083032; 19084213; DRS3720; DRS8990,,,,,,,,,,,,,,,,,8EA012586421; 8EA012586591; 8EA726219001; 8EA737912001; CS1243; CS595,,,,,,,,,,,,,,,,S339,,,LRS00765; LRS01908; LRS01943; LRS01970; LRS1943; LRS1970; LRS765,,943252249; MSR729,11130517; 11130626; AZJ3147; AZJ3199; IS0626; IS1058,51262017085; 51262017118; 51262017143; 51262017152; 51262017157; 51262017183; 51262017189; 51262017213; 51262017217; 51262019118; 51262019143; 51262019157; 51262019183; 51262019213,,,,,,,,,,,,,860107; 860107Z; PBNS0765,,,,,,,,,,,,,,,,455622; 458335; 458343; 585196,,,,,,,,,,MAN|G / L / M; MAN|F / G M,,28,маса на корпус,41,
861037,Стартер Prestolite 861037 24V 4 кВт,Prestolite,Стартери,STARTER,NEW,24,4,,10,,,,,,,,,,,0001231008; 0001231029; 0001368016; 0001368081; 0986011290; 0986017860; 0986020070; BX1129; BX1786; BX2007,,,,,,,,,,19024264; 19083028; 19084206; DRS1290; DRS7860; DRT0070,,,,,,,,,,,,,,,,,8EA012586501; 8EA012586581; 8EA726038001; 8EA738029001; CS1267; CS269,,,,,,,,,,,,,,,,S314,,,LRS00747; LRS01972; LRS1972; LRS747,,943252284; 063522310290; MSN2048; MSR742,11130537; 11130729; AZF4508; AZJ3160; IS0537; IS0729,51262017095; 51262017119; 51262017140; 51262017153; 51262017158; 51262017188; 51262017212; 51262019119; 51262019140; 51262019212,,,,,,,,,,,,,858318; 858318Z; PBNS0747; Z858318,,,,,,,,,,,,,,,,455532; 458269,,,,,,,,,,MAN|G / L / M; MAN|F / G M; MAN|LE SERIES,,28,маса на корпус,38,
860506GB,Стартер Prestolite 860506GB 24V 6.6 кВт,Prestolite,Стартери,STARTER,NEW,24,6.6,,9,,,,,,IM360; IM601,,,,,0001410013; 0001411009; 0001417001; 0001417051; 0986011510; 0986016510; 0986016520; BX1151; BX1652,,,,,,,,,,11770001; 19024051; DRS1510; DRS6520,,,,,,,,1701058,,,,,,,,,8EA726025001; CS198,,,,,,,,,,,,,,,,S324,6000309; 6001025; 6104080,,LRS00825; LRS01974; LRS825,,943252184; 943252187; 943252194; 943252210; MSR687,11130130; 11139032; AZK5182; AZK5191; IS0130; IS9032; IS9138,51262017057; 51262017087; 51262017110; 51262017123; 51262019057; 51262019117; 51262019273,,,0011519701; 0031514601; 0041416101; 0041516101; 0041516185; A0011519701; A0031514601; A0041416101; A0041516101; BPD624AR9,,,,,,,,,,860506; 857468Z; 860132Z; PBNS0825,5000806878; 5000816041; 5000822346; 5001000061; 5000241777AF; 5000241777AF113,,,,5000241521; 5000241777,,,,,,,,,,,455530,,,11129122,,,,,,,MAN|F / G M,,48,маса на корпус,35,
860508GB,Стартер Prestolite 860508GB 24V 5.4 кВт,Prestolite,Стартери,STARTER,NEW,24,5.4,,9,,,,,,IM310; IM502; IM523; IM579,,,,,0001416073; 0001416074; 0001416078; 0001330065; 0001410024; 0001410088; 0001415001; 0001415027; 0001416002; 0001416023; 0001416079; 0986011490; 0986011570; 0986011573; 0986013730; 0986018000; 0986019000; BX1149; BX1157; BX1373; BX1800; BX1900,,,,,,,,,,11670002; 11680071; 11690081; 19024010; 19024025; 19024194; 19024197; 19082000; 11670002DR; 11680071SAG; DRS1490; DRS1570; DRS3730; DRS9000,,,,,DST9224573,,,,,,,,,,,,8EA012586041; 8EA012586091; 8EA726022001; CS191; CS198,,,,,,,,,,,,,,,,S326,,,LRS00922; LRS02155; LRS819; LRS922; LRT668,,943252194; 943252210; 943252250; MSR692; MSR702,11130178; 11139023; 11139041; AZK5182; AZK5401; AZL3611; IS0178; IS9023; IS9035; IS9114,51252017181; 51252019181; 51262017061; 51262017092; 51262017108; 51262017109; 51262017125; 51262017127; 51262017159; 51262017181; 51262017902; 51262019061; 51262019117; 51262019127; 51262019159; 51262019181; 51262017272; 51262019272,,,0001514101; 0021510201; 0021515301; 0031514101; 0031514501; 0031516085; 0041516001; 0041516801; 0051512701; A0021510201; A0021515301; A0031514101; A0031514501; A0041516001; A0041516801; A0051512701,,,,,,,,,,860508; 1403000; 857470Z; 870668Z; PBNS0819; PBNS0922; S115HD241,5000241521; 5000241777; 5000822346; 5001000061,,,,,,,,,,,,30040000053,,,438032; 455531; 455623; 458209,,,,,,,,,,MAN|F / G M; MAN|TGA SERIES,,48,маса на корпус,35,
860713GB,Генератор Prestolite 860713GB 24V 100 A,Prestolite,Генератори,ALTERNATOR,NEW,24,,100,,,,,,,,,,,,0123325500; 0123525501; 0986042580; 0986042590; 0123525507; BX4258; BX4259,,,,,,,1516514R,,,19092033; DRB2580; DRB2590,,,,,,,,,,,,,,,,,8EL012584071; 8EL737985001; 8EL738055001; CA1663IR; CA1695IR,,,,,,,,,,,,,,,,,,,LRA02512; LRA02513; LRA2512; LRA2513,,063535255010; MAN2026,11209625; 72446570; AAN5415; IA9473; MG805,51261017231; 51261017232; 51261017233; 51261017234; 51261017241; 51261017242; 51261017247; 51261017265; 51261017266; 51261019242; 51261019247; 51261019265; 51261019266,,,,,,,,,52161017234,,,,860713; 860717,,,,,,,,,,,,,0123525501Y,,,434032; 437486; 2572833,,,,,,,,,,MAN|LE SERIES; MAN|TGA SERIES,17mm,,маса на корпус,,
861278GB,Генератор Prestolite 861278GB 24V 80 A,Prestolite,Генератори,ALTERNATOR,NEW,24,,80,,,,,,,,,,,,0124555013; 0986047420; BX4742,,,,,,,,,,19070011; DRA7420,,,,,,,,,,,,,,23887N,,,8EL012584251; 8EL738211251; CA1870IR,,,,,,,,,,,,,,,,,,,LRA02882; LRA2882,,,,51261017249; 51261017271; 51261019271,,,,,,,,,,,,,861278,,,,,,,,,,,,,,,,,,,,,,,,,,MAN|TGA SERIES; MAN|TGS / TGX||2007-; MAN|TGL / TGM SERIES,17mm,,маса на корпус,,
860808GB,Генератор Prestolite 860808GB 24V 110 A,Prestolite,Генератори,ALTERNATOR,NEW,24,,110,,,,,,,,,,,,0124555013; 0124655009; 0986046590; 0986047420; BX4659; BX4742; 1986A00514,,,,,,,,,,19070011; 30013VL; DRA7420; DRB6590; DRB7420; WA27601,,,,,,,,,,,,,,23887N,,,8EL012584241; 8EL738211251; 8EL738211261; CA1870IR; CA1871IR,,,,,,,,,,,,,,,,,,,LRA02882; LRA02883; LRA2882; LRA2883,,,,51261017246; 51261017249; 51261017270; 51261017271; 51261019270; 51261019271,,,,,,,,,,,,,860808,,,,,,,,,,,,,,,,,,,,,,,,,,MAN|TGA SERIES; MAN|TGS / TGX||2007-; MAN|TGL / TGM SERIES,17mm,,маса на корпус,,
861297GB,Генератор Prestolite 861297GB 24V 120 A,Prestolite,Генератори,ALTERNATOR,NEW,24,,120,,,,,,,,,,,,0124655025; 0124655243; 0124655244; 0986049820; 0986082930; BX4982,,,,,,,,,,19092059; 19092069; 19092081; DRA0242; DRA1472,,,,,,,,,,,,,,,,,8EL012584461; 8EL738212291; CA1997IR,,,,,,387025047001,,,,,,,,,,,,,LRA03183; LRA3183,,,,51261017278; 51261017283; 51261017287; 51261017296; 51261017314; 51261019283; 51261019287; 51261019296; 51261019314,,,,,,,,,,,,,861297,,,,,,,,,,,,,124655025Y,,,,,,,,,,,,,MAN|TGA SERIES; MAN|TGL / TGM SERIES,17mm,,маса на корпус,,
860813,Стартер Prestolite 860813 24V 4 кВт,Prestolite,Стартери,STARTER,NEW,24,4,,11,,,,,,,,,,,0001231023; 0001231034; 0986023200; BX2320,,,,,,,,,,DRS0061,,,,,,,,,,,,,,,,,8EA012586311,,,,,,,,,,,,,,,,,,,LRS02496; LRS2496,,,11131881; AZF4238; IS1260; MS423,51262017193; 51262017222; 51262017236; 51262019222; 51262019236,,,,,,,,,,,,,,,,,,,,,,,,,,,,,,,,,,,,,,,MAN|TGA SERIES; MAN|TGL / TGM SERIES,,28,маса на корпус,41,
M85R3003SE,Стартер Prestolite M85R3003SE 24V 5 кВт,Prestolite,Стартери,STARTER,NEW,24,5,,12,,,,,,,,,,,0001231023; 0001231034; 0986023200; BX2320,,,,,,,,,,19081034; DRS0548,,,,,,,,,,,,,,,,,,,,,,,,,,,,,,,,,,,,LRS02496; LRS2496,,,,51262017236; 51262019236; 51262017193; 51262017222; 51262019222,,,,M008T62671; M008T62671AM; M8T62671; M8T62671AM,,,,,,,,,860813; 861293; 861294,,,,,,,,,,,,,,,,,,,,,,,,,,MAN|TGA SERIES; MAN|TGL / TGM SERIES,,28,маса на корпус,44,
M85R3005SE,Стартер Prestolite M85R3005SE 24V 5 кВт,Prestolite,Стартери,STARTER,NEW,24,5,,12,,,,,,,,,,,,,,,,,,,,,19081105; DRS1044,,,,,,,,,,,,,,,,,,,,,,,,,,,,,,,,,,,,,,,,51262017263; 51262019263,,,,M008T63271; M008T63271AM; M008T63271ZZ9; M8T63271; M8T63271AM; M8T63271ZZ9,,,,,,,,,,,,,,,,,,,,,,,,,,,,,,,,,,,MAN|TGA SERIES; MAN|TGL / TGM SERIES,,28,маса на корпус,44,
860811GB,Генератор Prestolite 860811GB 24V 110 A,Prestolite,Генератори,ALTERNATOR,NEW,24,,110,,,,,,,,,,,,0124655011; 0124655047; 0986047520; 0124555014; 0124555025; 0986047430; BX4743; BX4752,,,,,,,1524009; 1524009R,,,DRB7430; DRB7520,,,,,,,,,,,,,,,,,8EL012584821; CA1847IR,,,,,,,,,,,,,,,,,,,LRA02943; LRA2943,,,,51261017253; 51261017254; 51261017259; 51261017268; 51261017269; 51261019254; 51261019268,,,,,,,,,,,,,860811,,,,,,,,,,,,,,,,,,,,,,,,,,MAN|TGA SERIES,17mm,,маса на корпус,,
M90R3548SE,Стартер Prestolite M90R3548SE 24V 6 кВт,Prestolite,Стартери,STARTER,NEW,24,6,,12,,,,,,,,,,,,,,,,,,,,,19081016; 19081019; 19081904; 19081910; 19081912; DRS0022; DRS0553; DRS0777,,,,,,,,,,,,,,,,,8EA012586381; CS1529,,,,,,,,,,,,,,,,,,,LRS02520,,,,51262017199; 51262017211; 51262017226; 51262019199; 51262019211; 51262019226; 59262017199; 61262017228; 51262017291; 51262019291,,,,M009T61971; M009T62071; M009T62971; M9T61971; M9T62071; M9T62971,,,,,,,,,,,,,,,,,,,,,,,,,,,,,,,,,,,MAN|TGA SERIES; MAN|TGS / TGX||2007-,,48,маса на корпус,44,
860814,Стартер Prestolite 860814 24V 4 кВт,Prestolite,Стартери,STARTER,NEW,24,4,,10,,,,,,,,,,,0001231035; 0986023210; BX2321,,,,,,,,,,DRS0062,,,,,,,,,,,,,,,,,8EA012586321,,,,,,,,,,,,,,,,,,,LRS02621; LRS2621,,,11131882; AZF4239,51262017223; 51262017237; 51262019223; 51262019237,,,,,,,,,,,,,,,,,,,,,,,,,,,,,,,,,,,,,,,MAN|TGL / TGM SERIES,,28,маса на корпус,38,
M85R3002SE,Стартер Prestolite M85R3002SE 24V 5 кВт,Prestolite,Стартери,STARTER,NEW,24,5,,11,,,,,,,,,,,0001231035; 0986023210; BX2321,,,,,,,,,,DRS0781,,,,,,,,,,,,,,,,,,,,,,,,,,,,,,,,,,,,LRS02621; LRS2621,,,11131882; AZF4239,51262017237; 51262019237; 51262017223; 51262019223,,,,M008T62771; M008T62771AM; M8T62771; M8T62771AM,,,,,,,,,860814; 861293; 861294,,,,,,,,,,,,,,,,,,,,,,,,,,MAN|TGL / TGM SERIES,,28,маса на корпус,41,
860559,Генератор Prestolite 860559 24V 80 A,Prestolite,Генератори,ALTERNATOR,NEW,24,,80,,,,,,,VG569,,,,,0120469115; 0120469116; 0120469117; 6033GB3014; 6033GB3019; 6033GB3022; 6033GB3027; 0986039790; 0986040260; 0986041570; BX3979; BX4026; BX4157,,,,,,,91295; 1298995; 1357593,,,19025100; 19025113; 19070058; 19093069; DRA9790; DRB0260,,,,,,,,,,,,,,,,,8EL012584121; 8EL737887001; CA1593; CA1593IR,,,,,,,,,,,,,,,,A654,,,LRA02779; LRB00302; LRB302,,,11209421; AAN3111; IA9412,,,,A0091549702; A0091549702KZ; A0091549802; A0101549002; A0101549102; 0091549702; 0091549802; 0101549002; 0101549102; 0091549702KZ,,,,,,6039GB3019,,,,Z860559,,,,,,,,,,,,,,,,437440; 437442,,,,,,,,,,Mercedes-Benz|814; Mercedes-Benz|ATEGO 1 SERIES||-2002,17mm,,маса на корпус,,"8pK, 72mm"
860321,Стартер Prestolite 860321 24V 4 кВт,Prestolite,Стартери,STARTER,NEW,24,4,,9,,,,,,,,,,,0001231002; 0001231033; 0001231133; 0001263016; 0001263049; F042003084; 0001231032; 0001263015; 0986017240; 0986018283; 0986021083; 0986022830; 0986023830; B001260015; BX1724,,,,,,,,,,8000138; 8200138; 8200297; 10461470; 10479626; 10479650; 11300002; 19070039; 19084006; 19084014; DRS0056; DRS0057; DRS7240; DRZ5187,,,,,,,,,,,,,,,,,8EA012586011; 8EA012586201; 8EA737540001; 8EA749553001; CS1112; CS1381,,,,,,,,,,,,,,,,S655,,,LRS02158; LRS02745; LRS2158; LRS2745; LRT00225; LRT225,,,11130728; 72735769; AZF4507; IS0728; MS141,36262016003,,,A0041418101; A0041516201; A0041518401; A0051512001; A0051512201; A0051517601; A0051519701; A0061512101; A0061512201; A0061512203; A0061514801; A0061516701; A3761510301; 0041418101; 0041516201; 0041518401; 0051512001; 0051512101; 0051512201; 0051517601; 0051519701; 0061512101; 0061512201; 0061512203; 0061516701; 0071513401; 3761510301; A0071513401,,,,,,,R3000459; SE3000022,,,35262930; 860321Z; M93R3066SE; PBNS1225; Z860321,,,,,,,,,,,,,,,,158177; 452344,,,,,,,,,,Mercedes-Benz|814; Mercedes-Benz|ATEGO 1 SERIES||-2002; Mercedes-Benz|ATEGO 2 SERIES||2002-2012; Mercedes-Benz|AXOR; Mercedes-Benz|ECONIC,,49,маса на корпус,36,
M93R3066SE,Стартер Prestolite M93R3066SE 24V 5 кВт,Prestolite,Стартери,STARTER,NEW,24,5,,10,,,,,,,,,,,0001231002; 0001231033; 0001231133; 0001263016; 0001263049; F042003084; 0986017240; 0001231032; 0001263015; 0986018283; 0986021083; 0986022830; 0986023830; B001260015; BX1724,,,,,,,,,,8000138; 8200138; 8200297; 10461470; 10479626; 10479650; 11300002; 19070039; 19084006; 19084014; DRS0056; DRS0057; DRS7240; DRZ5187,,,,,,,,,,,,,,,,,8EA012586011; 8EA012586201; 8EA737540001; 8EA749553001; CS1112; CS1381,,,,,,,,,,,,,,,,S655,,,LRS02158; LRS02745; LRS2158; LRS2745; LRT00225; LRT225,,,11130728; 72735769; AZF4507; IS0728; MS141,36262016003,,,A0041418101; A0041516201; A0041518401; A0051512001; A0051512201; A0051517601; A0051519701; A0061512101; A0061512201; A0061512203; A0061514801; A0061516701; A3761510301; 0041418101; 0041516201; 0041518401; 0051512001; 0051512101; 0051512201; 0051517601; 0051519701; 0061512101; 0061512201; 0061512203; 0061516701; 0071513401; 3761510301; A0071513401,,,,,,,R3000459; SE3000022,,,860321; 35262930; 860321Z; PBNS1225; Z860321,,,,,,,,,,,,,,,,158177; 452344,,,,,,,,,,Mercedes-Benz|814; Mercedes-Benz|ATEGO 2 SERIES||2002-2012; Mercedes-Benz|AXOR; Mercedes-Benz|ECONIC,,48,маса на корпус,40,
861036,Стартер Prestolite 861036 24V 4 кВт,Prestolite,Стартери,STARTER,NEW,24,4,,9,,,,,,,,,,,0001231003; 0001360022; 0001360037; 0001368024; 0001368055; 0001368062; 0001368300; 0001368307; 0001358024; 0001360008; 0001368309; 0986011360; 0986013490; 0986013493; 0986017990; 9000083064; 9000083065; BX1136; BX1349; BX1799,,,,,,,1516687; 1516687R,,,8000512; 8200004; 8200296; 10479627; 10479652; 19024204; 19024258; 19084030; 19084040; 19084218; DRS1360; DRS3490; DRS7990,,,,,,,,1701061,,,,,,,,,8EA012586121; 8EA012586411; 8EA725973001; 8EA738092001; CA1279; CS120; CS1279,,,,,,,,,,,,,,,,S318; S337,5602565,,26025136; 26025136A; LRS00818; LRS02157; LRS2157; LRS818; LRT00137; LRT137,,943252201; 943252245; MSR695; MSR727,11130010; 11130230; 11130339; 11130407; AZJ0501; AZJ3113; AZJ3549; IS0407,,,,A0001516687; A0011519601; A0031510401; A0031517401; A0031518601; A0031518801; A0041515901; A0041518601; A0051518501; A3761510301; A3761510501; 0001516687; 0011519601; 0031510401; 0031517401; 0031518601; 0031518801; 0041515901; 0041518601,,,,,,,,2873D301,,858780; 35261000; 35261130; 35261450; 858778Z; 858780GB; 858780Z; PBNS0818; PBNS1137; Z858780,,,,,,,,,,,,,,,,455528; 455529; 458292,,,,,,,,,,Mercedes-Benz|LK / LN / LP / MK / NG / SK,,47,маса на корпус,35,
861277GB,Генератор Prestolite 861277GB 24V 80 A,Prestolite,Генератори,ALTERNATOR,NEW,24,,80,,,,,,,,,,,,0124555001; 0124555002; 0124555004; 0124555007; 0124555015; 0124555016; 0124555021; 0124555022; 0124555030; 0124555032; 0124555044; 0124555065; 0124555077; 0124555087; 0124555599; 0986042360; 0986042370; 0986042380; 0986045280; 0986048100; 01240AB1GB; B120516216; B120516217; B120516279; BX4236; BX4237; BX4238; BX4810; F000BL0769,,,,,07804800,,1516515R,,,19020053; 19070007; 19070008; 19070009; 19070012; 19070019; 19092055; DRA0528; DRA1565; DRA494; DRB2360; DRB2370; DRB2380; DRB5280,,,,,,,,,,,75261183,,,,,,8EL012584011; 8EL737989001; 8EL738054001; CA1666; CA1666IR,,,,,,,503120569,,,,,,,,12387,,,,LRA02522; LRA02523; LRA02528; LRA2522; LRA2523; LRA2528,,,,,,,A0001504650; A0001508450; A0111548602; A0121540402; A0121541002; A0121546802; A0131542802; A0131542902; A0131544002; A0131545102; A0131547802; A0141545302; A4571540602; 0001504650; 0001508450; 0111548602; 0121540402; 0121541002; 0121546802; 0131542802; 0131542902; 0131544002; 0131545102; 0131547802; 0141545302; 4571540602,,,,905710100056,,,,,,861277,,,,,,,,,,,,,,,2Z0903015,434028; 437482,,,,,612600091124,,,,,Mercedes-Benz|AROCS SERIES; Mercedes-Benz|ATEGO 2 SERIES||2002-2012; Mercedes-Benz|ATEGO 3 SERIES||2012-; Mercedes-Benz|ACTROS 2 SERIES; Mercedes-Benz|ACTROS 3 SERIES; Mercedes-Benz|ANTOS SERIES; Mercedes-Benz|AXOR; Mercedes-Benz|ECONIC,17mm,,маса на корпус,,"9pK, 77mm"
860807GB,Генератор Prestolite 860807GB 24V 110 A,Prestolite,Генератори,ALTERNATOR,NEW,24,,110,,,,,,,,,,,,0124655001; 0124655002; 0124655004; 0124655016; 0124655023; 0124655034; 0124655042; 0124555001; 0124555002; 0124555004; 0124555007; 0124555015; 0124555016; 0124555022; 0124555032; 0124555044; 0124555065; 0124655097; 0124655178; 0986042360; 0986042370; 0986042380; 0986042390; 0986042400; 0986042410; 0986045280; 0986045290; 0986045293; 0986048100; 0986048110; 1986A00518; BX4236; BX4237; BX4238; BX4239; BX4240; BX4241; BX4528; BX4529; BX4810; BX4811,,,,,07804800,,1516514R; 1516515R,,,19070007; 19070008; 19070009; 19070012; 19070014; 19070015; 19070016; 19070019; 19070022; 19092003; 19092037; 19092054; 19092058; 19092074; 19092076; DRA0528; DRB2360; DRB2370; DRB2380; DRB2390; DRB2410; DRB5280; DRB5290,,,,,,,,,,,75261183,,,,,,8EL012584151; 8EL737989001; 8EL738054001; 8EL738093001; CA1666; CA1666IR; CA1739IR,,,,1E58789H01,,,503120569,,,,,,,,,,,,LRA02522; LRA02523; LRA02528; LRA02537; LRA2522; LRA2523; LRA2528; LRA2537,,,,,,,A0111548702; A0121540502; A0121541102; A0121546702; A0131544102; A0131544202; A0131544302; A0131547902; A0131548702; A0141545402; A1091544102; A8131547802; 0111548602; 0111548702; 0121540402; 0121540502; 0121541002; 0121541102; 0121546702; 0121546802; 0131542802; 0131542902; 0131544002; 0131544102; 0131544202; 0131544302; 0131545102; 0131547802; 0131547902; 0131548702; 0141545302; 0141545402; 1091544102; 4571540602; 8131547802; A0111548602; A0121540402; A0121541002; A0121546802; A0131542802; A0131542902; A0131544002; A0131545102; A0131547802; A0141545302; A4571540602,,,,905710100056,,,SE34R0121,,,860807,,,,,,,,,,,,,,,2Z0903015,434028; 434036; 437482,,,,,,,,,,Mercedes-Benz|AROCS SERIES; Mercedes-Benz|ATEGO 2 SERIES||2002-2012; Mercedes-Benz|ATEGO 3 SERIES||2012-; Mercedes-Benz|ACTROS 2 SERIES; Mercedes-Benz|ACTROS 3 SERIES; Mercedes-Benz|ANTOS SERIES; Mercedes-Benz|AXOR; Mercedes-Benz|ECONIC,17mm,,маса на корпус,,"9pK, 77mm"
A28P015P,Генератор Prestolite A28P015P 24V 100 A,Prestolite,Генератори,ALTERNATOR,NEW,24,,100,,,,,,,,,,,,0124655327; 0124655617,,,,,,,,,,8600512; 8600620; 8600764; 19090400,,,,,,,,,,,,,,,,,,,,,,,,,,,,,,,,,,,,LRA03814; LRA3814,,,,,,,A0141546202; A0141547102; A0141547402; A0141547802; A0151540302; A0151541302; 0141546202; 0141547102; 0141547402; 0141547802; 0151540302; 0151541302; 0151542402; A0151541502; A0151542402,,,,,,A0151541202; A0151542302; 8600690; 10532961,,,,861311,,,,,,,,,,,,,,,,,,,,,,,,,,Mercedes-Benz|AROCS SERIES; Mercedes-Benz|ATEGO 3 SERIES||2012-; Mercedes-Benz|ACTROS 4 SERIES; Mercedes-Benz|ANTOS SERIES,17mm,,маса на корпус,,
A148337,Генератор Prestolite A148337 24V 150 A,Prestolite,Генератори,ALTERNATOR,NEW,24,,150,,,,,,,,,,,,0124655307; 0124655329; 0214655615; 0124655071; 0124655136; 0124655277; 0124655278; 0124655308; 0124655330; 0124655615; 0124655616,,,,,,,,,,DRA1513,,,,,,,,,,,,,,,,,,,,,,,,,,,,,,,,,,,,LRA03908; LRA3908,,,11209459; 72496008; AAN8203; IA9488; MG934,,,,A0151540102; 0141547602; 0141549202; 0151540102; 0151540402; 0151540502; A0141547602; A0141549202; A0151540402; A0151540502; A0151541402,,,,,,,,,,861337,,,,,,,,,,,,,,,,,,,,,,,,,,Mercedes-Benz|AROCS SERIES; Mercedes-Benz|ACTROS 4 SERIES,17mm,,маса на корпус,,"8pK, 93mm"
M105R3031SE,Стартер Prestolite M105R3031SE 24V 7.5 кВт,Prestolite,Стартери,STARTER,NEW,24,7.5,,12,,,,,,IM6911; IM755; IM756,,,,,0001241128; 0001330011; 0001330020; 0001330050; 0001372005; 0001372006; 0986018370; 0986020880; 0986022980; 0986025060; B001350032; BX1837; BX2088; BX2298,,,,,,,,,,8200519; 11740055; 11740056; 19011501; 19024196; 19070033; 19070034; 19081009; 19084254; DRS0100; DRS8370; DRT0880,,,,,,,,,,,,,,,,,8EA012586231; 8EA012586391; 8EA738038001; 8EA738223001; 8EA738259231; 8EA738259293; CS1269; CS1333; CS1463,,,,,,,,,,,,,,,,,,,LRS01961; LRS02227; LRS02416; LRS1961; LRS2227; LRS2416,,,11139615; AZG4865; IS9454; IS9467; MS754,,,,A0061516901; A0071510201; A0071510401; A0071511301; A4571510301; A0051516401; A0061510001; A0061511501; A0061513801; A0041512401; A0041515001; A0041519001; A0051515001; 0041512401; 0041515001; 0041519001; 0051510901; 0051515001; 0051516401; 0061510001; 0061511501; 0061513801; 0061516901; 0071510201; 0071510401; 0071511301; 0071514501; 0071514601; 4571510301; 457151030180; A0051510901; A0071514501; A0071514601,M009T20171; M009T80471; M009T80472; M009T80473; M009T83671; M009T84771; M009T85371; M9T20171; M9T80472; M9T80473; M9T83671; M9T84771; M9T85371,,,,,,,,,M105431,,,,,11139602; 72442815,,,,,,,,,,,458198; 585420,,1120544553,,,,,,,,Mercedes-Benz|AROCS SERIES; Mercedes-Benz|ACTROS 2 SERIES; Mercedes-Benz|ACTROS 3 SERIES; Mercedes-Benz|ANTOS SERIES; Mercedes-Benz|AXOR,,49,маса на корпус,44,
M105R3131SE,Стартер Prestolite M105R3131SE 24V 7.5 кВт,Prestolite,Стартери,STARTER,NEW,24,7.5,,12,,,,,,,,,,,,,,,,,,,,,19080041; 19081052; DRS1239,,,,,,,,,,,,,,,,,,,,,,,,,,,,,,,,,,,,LRS03976,,,11139182; 72491575; AZG4879; IS9487; MS905,,,,A0071511801; A0071514401; 0071511801; 0071514401,M009T85471; M9T85471; M009T87472; M009T87474; M009T87474AM; M9T87472; M9T87474; M9T87474AM,,,,,,,,,,,,,,,,,,,,,,,,,,,,,,,,,,,Mercedes-Benz|AROCS SERIES; Mercedes-Benz|ACTROS 3 SERIES; Mercedes-Benz|ACTROS 4 SERIES; Mercedes-Benz|ANTOS SERIES,,49,маса на корпус,44,
M90R3553SE,Стартер Prestolite M90R3553SE 24V 6 кВт,Prestolite,Стартери,STARTER,NEW,24,6,,12,,,,,,,,,,,,,,,,,,,,,19081008; 19081908; DRS0541,,,,,,,,,,,,,,,,,,,,,,,,,,,,,,,,,,,,,,,11139712; 72483380; AZF4894; IS9482; MS887,,,,A0061514801; A0061516801; A0071510801; 0061514801; 0061516801; 0071510801; 0071514901; A0071514901,M009T64371; M009T65271; M009T66171; M9T64371; M9T65271; M9T66171; M009T65071; M9T65071,,,,,,,,,,,,,,,,,,,,,,,,,,,,,,,,,,,Mercedes-Benz|ATEGO 3 SERIES||2012-; Mercedes-Benz|ECONIC,,48,маса на корпус,47,
860563,Генератор Prestolite 860563 24V 100 A,Prestolite,Генератори,ALTERNATOR,NEW,24,,100,,,,,,,VG571; VG573; VG575; VG577,,,,,0120468143; 0120468145; 0120469119; 0120469120; 6033GB3010; 6033GB3023; 6033GB3083; 0986041030; 0986041033; 0986043890; BX4103; BX4389,,,,,,,1516480; 1516480R,,,13250071; 19025109; 19025110; 19025111; 19025112; 19070068; 19070070; DRA0452; DRA0532; DRB1030; DRB3890,,,,,,,,,,,,,,,,,8EL012584191; 8EL737758001; CA1505; CA1505IR,,,,,,,,,,,,,,,,,10018258,,LRA02504; LRA2504,,,11209422; AAN3112; IA9413,,,,A0091549902; A0101540002; A0101548202; A0101548902; A0101549202; A0131547102; A0131547202; 0091549902; 0101540002; 0101548202; 0101548902; 0101549202; 0131547102; 0131547202,,,,,,6033G3010; 6033G3023,,,,Z860563,,,,,,,,,,,,,,,,437441,,,20402404,,,,,,,Mercedes-Benz|ACTROS 1 SERIES,17mm,,маса на корпус,,
860615,Стартер Prestolite 860615 24V 6.7 кВт,Prestolite,Стартери,STARTER,NEW,24,6.7,,11,,,,,,IM6907; IM751,,,,,0001371019; 0001372001; 0986017320; 0986020340; BX1732; BX2034,,,,,,,1516658R,,,11740051; 11790077; 19024179; 19070030; 19070042; DRS3675; DRS7320; DRT0340,,,,,,,,,,,,,,,,,8EA012586021; 8EA737494001; CS1077,,,,,,,,,,,,,,,,,,,LRS01907; LRS1907,,,11131016; AZG4605; IS1078,,,,A0041518801; A0041519401; A0041519501; 0041518801; 0041519401; 0041519501; 0051515401,,,,,,A0051515401,,,,860705; 860322; 860322Z,,,,,,,,,,,,,,,,458176; 575737,,,,,,,,,,Mercedes-Benz|ACTROS 1 SERIES,,48,маса на корпус,42,
860561,Генератор Prestolite 860561 24V 80 A,Prestolite,Генератори,ALTERNATOR,NEW,24,,80,,,,,,,,,,,,0120468140; 0120468154; 0120468162; 0986042350; 0120420849; 0986037220; 0986037221; 0986037231; BX4235,,,,,,,,,,19070065; 19093070; DRA7221; DRA7231; DRB2350,,,,,,,,,,,,,,,,,8EL012584181; 8EL012584441; 8EL730003001; 8EL737661001; 8EL737846001; CA1456IR; CA1947IR; CA705IR; HCA705IR,,,,,,,,,,,,,,,,,,,LRA02502; LRA03034; LRA2502,LRA02448; LRB00141; LRB140; LRB141; LRB142,MAR6130; 943346130010,11201789; 72735152; AAK4591; IA0789; MG153,,,,,A2T8291; A2TA8291,,,,,,,,,Z860561,5001838198; 5001859216; 5001860274; 5006143948; 5010306007; 5010306710; 5010306801; 5010480227; 5010480572; 5010480878; 7421324077; 7485003228; 5000785698; 5000785715; 5000786439; 5000786512; 5000786538; 5000787361; 5000807106; 5001014133; 5001014136; 5001014169; 5001014175; 5001014184; 5001833966; 5010050785; 5010058424; 5010149120,,,,,,,,,,,,,,,100363; 100896; 101375; 436347; 436352; 436664; 437446; 437447; 541414; 2181693; 2541414; 2541777; 2542310; 2938680; A13N140; A13N140T; A13N229; A13N229T; A13N22T; A13N283; A13N283M; A13N4T; A13N56M; A13N5T; A13R3; A13R35; A13R3L; NA360; NA361; NA509; NA514,,,,443113516866,,,,,,Renault|KERAX SERIES; Renault|MAGNUM; Renault|MANAGER / MIDLUM / MIDLINER; Renault|PREMIUM 210 - 250 SERIES; Renault|PREMIUM 260 - 420 SERIES,17mm,,маса на корпус,,
861274GB,Генератор Prestolite 861274GB 24V 80 A,Prestolite,Генератори,ALTERNATOR,NEW,24,,80,,,,,,,,,,,,0124555009; 0124555017; 0124555020; 0124555036; 0124555058; 0124555559; 0986046290; 0986047440; 0124555129; 1986046290; 1986A00535; 1986A00538; F042301131,,,,,,,1524012; 1524012R,,,19092011; 19092040; 19092048; DRA0111; DRA0285; DRA0494; DRB6290; DRB7440,,,,,,,,,,,,,,,,,8EL012584101; 8EL738211121; CA1853; CA1853IR,,,,,,,,,AT303320; AT387573,,01182405; 1182405; 01182771; 1182771,,,,,,,,LRA02801; LRA03413; LRA2801; LRA3413,,063535550090,11209604; 11209619; 11209623; 72445494; 72445848; 72446708; AAN5393; AAN5408; AAN5412; IA9452; IA9467; IA9471; MG800; MG801; MG816,,,,,,,,,,,,,,861274,5010589525; 5010589555; 7420409228; 7420853850,,,,,,,,,,,,,,,,,,11170134; 11170321; 15063541; 17204355; 20409228; 20466315; 20849349; 20849350; 20850236; 21429782; 21429783; 3803639; 85000257; 85000626; 20850234; 21429785,,,,,,,Renault|KERAX SERIES; Renault|MAGNUM; Renault|MANAGER / MIDLUM / MIDLINER; Renault|PREMIUM 210 - 250 SERIES; Renault|PREMIUM 260 - 420 SERIES; Volvo|FM7 SERIES; Volvo|FM9 SERIES; Volvo|FM10 SERIES; Volvo|FH SERIES; Volvo|FH16 SERIES; Volvo|FM II||2012-; Volvo|FMX II||2012-,17mm,,маса на корпус,,"8pK, 68mm"
860804GB,Генератор Prestolite 860804GB 24V 110 A,Prestolite,Генератори,ALTERNATOR,NEW,24,,110,,,,,,,,,,,,0124655008; 0124655012; 0124655013; 0124655019; 0986049350; 0986049360; 0124555009; 0124555017; 0124555020; 0124555036; 0124555058; 0124555559; 0124655499; 0124655500; 0986046290; 0986047440; BX4629; BX4744; BX4935; BX4936,,,,,,,1524012; 1524012R,,,19092000; 19092006; DRA0285; DRB0002; DRB0003; DRB0005; DRB6290; DRB7440,DP085129,,,,,,,,,,,,,,,,8EL012584271; 8EL012584791; 8EL738211121; 8EL738211611; CA1853; CA1853IR; CA1883IR,,,,,,,,,AT300167; AT303320; AT387573; AT387574,,01182405; 1182405; 01182771; 1182771,,,,,,,,LRA02801; LRA02877; LRA03285; LRA03413; LRA2801; LRA3285; LRA3413,,,,,,,,,,,,,Upgrade to 861274GB,,,,860804,5010589551; 7420466317; 7420862899; 7421429789; 5010589525; 5010589555; 7420409228; 7420853850,7420849351; 7421429786,,,,,,,,,,,,,,,,,20409240; 20466317; 20849351; 20849352; 21429781; 21429786; 21429787; 85000419; 85000628; 85000629; 85003355; 85003357; 3803639; 11170134; 11170321; 15063541; 20409228; 20466315; 20849349; 20849350; 20850236; 21429782; 21429783; 85000257; 85000626; 85020823; 85020824,,,,,,,Renault|KERAX SERIES; Renault|MAGNUM; Renault|MANAGER / MIDLUM / MIDLINER; Renault|PREMIUM 210 - 250 SERIES; Renault|PREMIUM 260 - 420 SERIES; Volvo|FM7 SERIES; Volvo|FM9 SERIES; Volvo|FM10 SERIES; Volvo|FH SERIES; Volvo|FH16 SERIES; Volvo|FH II SERIES||2012-; Volvo|FM II||2012-; Volvo|FMX II||2012-,17mm,,маса на корпус,,"8pK, 68mm"
AVi147J3210HD,Генератор Prestolite AVi147J3210HD 24V 120 A,Prestolite,Генератори,ALTERNATOR,NEW,24,,120,,Upgrade to 861274GB and 861804GB. Upgrade to 861274GB and 861804GB. Upgrade to 861274GB and 860804GB. Upgrade to 861274GB and 860804GB. Upgrade to 861274GB and 860804GB. Upgrade to 861274GB and 860804GB. Upgrade to 861274GB and 860804GB. Upgrade to 861274GB and 860804GB. Upgrade to 861274GB and 860804GB,,,,,,,,,,0124655008; 0124655012; 0124655013; 0124655019; 0986049350; 0986049360; 0124655171; 0124655325; 0124655331; 0124655333; 0124655451; 0124655457; 0986081010; 0124555009; 0124555017; 0124555020; 0124555036; 0124555058; 0124555559; 0124655021; 0124655024; 0124655079; 0124655131; 0124655156; 0986046290; 0986047440; BX4629; BX4744; BX4935; BX4936,,,,,,,,,,19082084; 19092012; 19092019; 19092079; 19092080; DRA0285; DRA0286; DRA0286X; DRA0943; DRA1132; DRB0002; DRB0003; DRB0005; DRB6290; DRB7440,DP085129,,,,,,,,,,,,,,,,8EL738211121; 8EL738211611; CA1853IR; CA1883IR,,,,,,,,,AT300167; AT303320; AT387573; AT387574,,01182405; 1182405; 01182771; 1182771,,,,,,,,LRA02801; LRA02877; LRA03285; LRA03413; LRA03420; LRA2801; LRA3285; LRA3413,,,,,,,,A004TR5592ZT; A4TR5392; A4TR5392AM; A4TR5392ZT; A4TR5592ZT,,X54417200005,,,,,,,AVI147J3110HD; AVi147S3010HD,5010589551; 7420466317; 7420862899; 7421429789; 5010589525; 5010589555; 7420409228; 7420853850,7421304672,,,,,,,,,,,,,,,,,22218392; 3803639; 11170134; 11170321; 15063541; 15196041; 20409228; 20409240; 20466315; 20466317; 20741686; 20770016; 20849349; 20849350; 20849351; 20849352; 20850236; 21429781; 21429782; 21429783; 21429786; 21429787; 21429790; 21429791; 85000257; 85000419; 85000592; 85000626; 85000628; 85000629; 85000643; 85003355; 85003357; 85003358,,,,,,,Renault|KERAX SERIES; Renault|MAGNUM; Renault|MANAGER / MIDLUM / MIDLINER; Renault|PREMIUM 210 - 250 SERIES; Renault|PREMIUM 260 - 420 SERIES; Volvo|FM7 SERIES; Volvo|FM9 SERIES; Volvo|FM10 SERIES; Volvo|FH SERIES; Volvo|FH16 SERIES; Volvo|FH II SERIES||2012-; Volvo|FM II||2012-,17mm,,маса на корпус,,
861078,Генератор Prestolite 861078 24V 110 A,Prestolite,Генератори,ALTERNATOR,NEW,24,,110,,,,,,,,,,,,0124655173; 0986081870,,,,,,,,,,DRA0841,,,,,,,,,,,,,,,,,8EL012584831; CA2111IR,,,,,,,,,,,,,,,,,,,LRA03448; LRS03447,,,,,,,,A004TR5591ZT; A004TR5593AM; A004TR5593ZT; A004TR5391; A004TR5393; A004TR5591; A004TR5591AM; A4TR5391; A4TR5393; A4TR5591; A4TR5591ZT; A4TR5593; A4TR5593ZT,,,,,,,,,,5001867214; 5010589305; 7420842441; 7420842445; 21041752,5001868213,,,,,,,,,,,,,,,,,20739778; 20842445; 21041756; 85013059,,,,,,,Renault|KERAX SERIES; Renault|MAGNUM; Renault|MANAGER / MIDLUM / MIDLINER; Renault|PREMIUM 210 - 250 SERIES; Renault|PREMIUM 260 - 420 SERIES,17mm,,маса на корпус,,"8pK, 82mm"
861344,Генератор Prestolite 861344 24V 130 A,Prestolite,Генератори,ALTERNATOR,NEW,24,,130,,,,,,,,,,,,,,,,,,,,,,19091006; DRA1079; DRA1079N,,,,,,,,,,,,,,,,,8EL012584801,,,,,,,,,,,,,,,,,,,,,,,,,,,A004TR5891; A004TR5891AM; A004TR5891ZT; A004TR5892; A004TR5892ZT; A004TR5893ZT; A004TR5894; A004TR5894ZT; A4TR5891; A4TR5891AM; A4TR5891ZT; A4TR5892; A4TR5893ZT; A4TR5894; A4TR5894ZT,,,,,Upgrade to 861078,,,,,7421056611; 7485013423,,,,,,,,,,,,,,,,,,21041876; 21056611,,,,,,,Renault|KERAX SERIES; Renault|PREMIUM 210 - 250 SERIES; Renault|PREMIUM 260 - 420 SERIES; Volvo|FH SERIES; Volvo|FH16 SERIES; Volvo|FH II SERIES||2012-; Volvo|FMX II||2012-,17mm,,маса на корпус,,"8pK, 82mm"
861291,Генератор Prestolite 861291 24V 110 A,Prestolite,Генератори,ALTERNATOR,NEW,24,,110,,,,,,,,,,,,,,,,,,,,,,DRA0844,,,,,,,,,,,,,,,,,,,,,,,,,,,,,,,,,,,,,,,,,,,,A004TR5392; A004TR5392AM; A004TR5392ZT; A004TR5592; A004TR5592ZT; A4TR5392; A4TR5392AM; A4TR5392ZT; A4TR5592ZT,,,,,,,,,,,7485003361,,,,,,,,,,,,,,,,,20466316; 85000461,,,,,,,Renault|KERAX SERIES; Renault|MAGNUM; Renault|MANAGER / MIDLUM / MIDLINER; Renault|PREMIUM 210 - 250 SERIES; Renault|PREMIUM 260 - 420 SERIES; Volvo|FM7 SERIES; Volvo|FM9 SERIES; Volvo|FH II SERIES||2012-,17mm,,маса на корпус,,"8pK, 72mm"
M90R3539SE,Стартер Prestolite M90R3539SE 24V 6 кВт,Prestolite,Стартери,STARTER,NEW,24,6,,12,,,,,,,,,,,,,,,,,,,,,19081005; 19081906; DRS0058; DRS0388,,,,,,,,,,,,,,,,,8EA012586361; 8EA738258361; CS1325; CS1348,,,,,,,,,,,,,,,,,,,LRS01950; LRS1950,,,,,,,,M009T60371; M009T60371AM; M009T60372; M009T60372AM; M009T60671; M009T60672; M9T60371; M9T60372; M9T60372AM; M9T60671; M9T60672,,,,,,,,,860619,5001847428; 5001853707; 5001853710; 5010306533; 5010306777; 5010306910; 5010480432; 5010480434; 5010480435; 5010508379; 5010508383; 5010508384,,,,,,,,,,,,,,,438208; 438278; 458293; 630988; TS50PE671,,,,,,,,,,Renault|KERAX SERIES; Renault|PREMIUM 210 - 250 SERIES; Renault|PREMIUM 260 - 420 SERIES,,48,маса на корпус,47,
M90R3540SE,Стартер Prestolite M90R3540SE 24V 6 кВт,Prestolite,Стартери,STARTER,NEW,24,6,,11,,,,,,,,,,,,,,,,,,,,,DRS0124,,,,,,,,,,,,,,,,,8EA012586081; 8EA738258291; CS1386,,,,,,,,,,,,,,,,,,,LRS02322; LRS2322,,,,,,,,M009T60471; M009T60471AM; M009T60472; M009T61571; M009T61571AM; M9T60471; M9T60471AM; M9T60472; M9T61571,,,,,,,,,860616,5001853713; 5010306592; 5010480196; 5010508330; 5010508380,,,,,,,,,,,,,,,438234; 458295; 459295; FS60PR471,,,,,,,,,,Renault|KERAX SERIES; Renault|PREMIUM 260 - 420 SERIES,,48,маса на корпус,43,
M105R3032SE,Стартер Prestolite M105R3032SE 24V 7.5 кВт,Prestolite,Стартери,STARTER,NEW,24,7.5,,11,,,,,,IM6921,,,,,0001330060; 0986018640; 0986024690,,,,,,,,,,19024186; 19081011; DRS0127; DRS0466; DRS3815,,,,,,,,,,,,,,,,,8EA012586151; CS1164; CS1278; CS1497,,,,,,,,,,,,,,,,,,,LRS01935; LRS02254; LRS2254,LRS02290,,,,,,,M009T80071; M009T80072; M009T80271; M009T80272; M9T80071; M9T80072; M9T80271; M9T80272,,,,,,,,,M105432,5001014212; 5001846324; 5001853716; 5001854179; 5010306631; 5010306701; 5010480433; 5010508381; 5010508382; 5001822955; 5001825908; 5010217010,,,,,,,,,,,,,,,187501; 188137; 436094; 438009; 455704; 455723; 455742; 487501; D13HP613; D13HP702; D13HP705; D13HP709; D15E30; DEM13HP702; ND172,,,,,,,,,,Renault|MAGNUM,,47,маса на корпус,53,
861039,Стартер Prestolite 861039 24V 4 кВт,Prestolite,Стартери,STARTER,NEW,24,4,,10,,,,,,,,,,,0001231009; 0001360013; 0001360050; 0001368052; 0001368070; 0001368304; 0001368306; 0986010970; 0986010971; 0986022990; B001260000; BX1097; BX2299,,,,,,,1516786; 1516786R,,,19024246; 19024280; DRS0164; DRS0970,,,,,,,,,,,,,,,,,8EA012586451; 8EA730178001; 8EA738258931; CS1464; CS608,,,,,,,,,,,,,,,,S301,,,LRS00633; LRS01954; LRS1954; LRS633,,943252274; 943252274010; MSR725; MSR735,11130598; AZJ3188; IS0598,81262019013,,,,,,,,,,,,,860103; 860103Z; PBNS0633; Z860103,25841044,5000049125; 5000137323; 5000138298; 5000559254; 5000791211; 5001014221; 5001859572; 5010090370; 5010090683; 5010306413; 5010508443; 7485003362; 501030606413; A5000559254,,,,,,,,,,,,,,075617; 436096; 438277; 458183; TS50PE009,,,,,,,,,,Renault|MANAGER / MIDLUM / MIDLINER; Renault|PREMIUM 210 - 250 SERIES,,22,маса на корпус,40,
M93R3104SE,Стартер Prestolite M93R3104SE 24V 4.5 кВт,Prestolite,Стартери,STARTER,NEW,24,4.5,,10,Cross-references as above.. Cross-references as above.,,,,,,,,,,0001231009; 0001360013; 0001360050; 0001368052; 0001368070; 0001368304; 0001368306; 0986010970; 0986010971; 0986022990; B001260000; BX1097; BX2299,,,,,,,1516786; 1516786R,,,19024246; 19024280; DRS0164; DRS0970,,,,,,,,,,,,,,,,,8EA730178001; 8EA738258931; CS1464; CS608,,,,,,,,,,,,,,,,,,,LRS00633; LRS01954; LRS1954; LRS633,,943252274; 943252274010; MSR725; MSR735,11130598; AZJ3188; IS0598,81262019013,,,,,,,,,Upgrade for 861039,,,,860103; 860103Z; PBNS0633; Z860103,25841044; 5000049125; 5000137323; 5000138298; 5000559254; 5000791211; 5001014221; 5001859572; 5010090370; 5010090683; 5010306413; 5010508443; 7485003362; 501030606413; A5000559254,,,,,,,,,,,,,,,075617; 436096; 458183,,,,,,,,,,Renault|MANAGER / MIDLUM / MIDLINER; Renault|PREMIUM 210 - 250 SERIES,,22,маса на корпус,40,
M90R3556SE,Стартер Prestolite M90R3556SE 24V 6 кВт,Prestolite,Стартери,STARTER,NEW,24,6,,11,,,,,,,,,,,,,,,,,,,,,DRS0125,,,,,,,,,,,,,,,,,8EA012586271; CS1495,,,,,,,,,,,,,,,,,,,LRS02463,,,,,,,,M009T61471; M009T61471AM; M9T61471; M9T61471AM,,,,,1x IGN / SW connection,,,,860822,5001866702; 7420732977; 7421036377,271544009; 5001866924,,,,,,,,,,,,,,,,,20397219; 22344130; 85000148; 85006148; 85013135; 85021180,,,,,,,Renault|PREMIUM 370 - 410; Renault|450 DXI SERIES; Volvo|FM9 SERIES; Volvo|FMX II||2012-,,48,маса на корпус,43,
M90R3538SE,Стартер Prestolite M90R3538SE 24V 6 кВт,Prestolite,Стартери,STARTER,NEW,24,6,,11,"M009T61473(AM), M009T61474(AM), M009T64791,. M009T64971(AM), M009T64972(AM). M009T61473(AM), M009T61474(AM), M009T64791,. M009T64971(AM), M009T64972(AM)",,,,,,,,,,0001261041; 0986024670,,,,,,,,,,19081014; 19081902; DRS0538; DRS0538X,,,,,,,,,,,,,,,,,CS1495,,,,,,,,,,,,,,,,,,,,,,,,,,,M009T61471; M009T61471AM; M009T61472; M009T61472AM; M009T61473; M009T61473AM; M009T61474; M009T61474AM; M009T64791; M009T64971; M009T64971AM; M009T64972; M009T64972AM; M9T61472; M9T61473; M9T61474; M9T64791; M9T64971; M9T64972,,,,,,,,,M90R3560SE,5001866702; 7421598449; 7485013136,7422807161,,,,,,,,,,,,,,,,,20563533; 20732977; 21025968; 21036377; 21598436; 21598446; 21598449; 85000148; 85000934; 85000937; 85006148; 85013134,,,,,37080104320000,,Renault|PREMIUM 370 - 410; Renault|450 DXI SERIES; Volvo|FM9 SERIES; Volvo|FMX II||2012-,,48,маса на корпус,43,
M90R3555SE,Стартер Prestolite M90R3555SE 24V 6 кВт,Prestolite,Стартери,STARTER,NEW,24,6,,11,,,,,,,,,,,,,,,,,,,,,,,,,,,,,,,,,,,,,,,,,,,,,,,,,,,,,,,,,,,,,,,,,M009T64973; M9T64973; M009T68771; M9T68771,,,,21221898,,,,,,,,,,,,,,,,,,,,,,,,21598436; 22807178,,,,,,,Renault|PREMIUM 370 - 410; Renault|450 DXI SERIES; Volvo|FM9 SERIES; Volvo|FMX II||2012-,,48,маса на корпус,43,
861391,Генератор Prestolite 861391 24V 130 A,Prestolite,Генератори,ALTERNATOR,NEW,24,,130,,Not interchangeable with 861291,,,,,,,,,,,,,,,,,,,,,,,,,,,,,,,,,,,,,,,,,,,,,,,,,,,,,,,,,,,,,,,,A004TR6291; A004TR6293; A004TR6391; A004TR6393; A4TR6291; A4TR6293; A4TR6391; A4TR6393; A004TR6291ZT; A004TR6293ZT; A004TR6391AM; A004TR6391ZT; A004TR6393ZT; A4TR6391AM,,,,,,,,,,,7421652996,,,,,,,,,,,,,,,,,21652996; 21652997; 21401683; 85013469,,,,,,,Renault|T SERIES; Volvo|FH II SERIES||2012-,17mm,,маса на корпус,,"8pK, 72mm"
M90R3570SE,Стартер Prestolite M90R3570SE 24V 6 кВт,Prestolite,Стартери,STARTER,NEW,24,6,,12,,,,,,,,,,,,,,,,,,,,,DRS1114,,,,,,,,,,,,,,,,,,,,,,,,,,,,,,,,,,,,,,,11139178; 72483388; AZF4897; IS9486; MS891,,,,,M009T66771; M009T66772; M009TD0771; M009TD0772ZX; M009TD1471; M009TD1472; M009TD2771; M009TD2772; M009T66771AM; M009T66771ZX; M009T66772ZX; M009TD0771ZX; M009TD1471AM; M009TD1471ZX; M009TD1472ZX; M009TD2771AM; M9T66771; M9T66771AM; M9T66771ZX; M9T66772; M9T66772ZX; M9TD0771; M9TD0771ZX; M9TD0772ZX; M9TD1471; M9TD1471AM; M9TD1471ZX; M9TD1472; M9TD1472ZX; M9TD2771; M9TD2771AM; M9TD2772,,,,,,,,,,7423036259; 7485020788; 7485021943; 7485022368,7421542662; 7422602934; 7485013932; P22602934; TM16131; V47529,,,,,,,,,,,,,,,,,21542660; 21542662; 22602935; 23261936; 85013931; 85020789; 85021941; 85022367; P23261936,,,,,,,Renault|T SERIES; Volvo|FH II SERIES||2012-; Volvo|FM II||2012-; Volvo|FMX II||2012-,,67,маса на корпус,48,
858882,Генератор Prestolite 858882 24V 55 A,Prestolite,Генератори,ALTERNATOR,NEW,24,,55,,,,,,,VG511,,,,,0120469569; 0120469643; 0120469763; 0120469807; 0120469900; 0120469959; 0120469960; 0986032721; 0986032720; AL9938X; BX3272,,0R3652; 9W3043,,,,,,,,13250011; 19025097; 19025102; 19093077; DRA2720; DRA2721,,,,,,,,,,,,,,,,,8EL012584201; 8EL725604001; 8EL725649001; 8EL730047001; CA155IR; CA227IR; CA746; CA749IR,,,,,,,,,,,,,,,,A312,,,LEA0169; LRB00104; LRB104,,943356231; MAR845,11201781; 11201801; 11201896; AAK1394; AAK1398; AAK3317; IA0781; IA0801,,,,,,,,,,,,,,858882Z; PBNA1104; Z858882,5001014163; 5001833946,,,,,257592; 354858; 357736; 371972; 410676; 571413; 571505; 571506; 1117252,,,,,,,,,,436140; 436412; 510445; 2541145; 2541147; 2960250; A13N45T; A14N133; A14N196M,,,,,,,,,,Scania|SERIES 2 / 3,17mm,,маса на корпус,,
860560,Генератор Prestolite 860560 24V 80 A,Prestolite,Генератори,ALTERNATOR,NEW,24,,80,,,,,,,VG501,,,,,0120469920; 0120469963; 0986036280; 0986036281; BX3628; 0120458065; 0120468065; 0120468094; 0120468116; 0120468124; 0120468129; 0120468130; 0986036240; 0986036241; 0986039340; BX3624; BX3934,,,4686019,,,,,,,1105367; 13250001; 19025101; DRA6240; DRA6280; DRA6281; DRA9340,,,,,,,,,,,,,,,,,8EL012584171; 8EL725846001; 8EL725849001; 8EL730046001; 8EL737633001; CA1438IR; CA550IR; CA558; CA558IR; CA748; CA748IR,,,,,,,1307454; 42498612; 98424452; 98424453; 98424739; 98424748; 98449163,,,,,,,,,A330; A340,,,LRA02434; LRA02469; LRA02776; LRA2434; LRB00100; LRB00101; LRB100; LRB101,,943356849; 943357259; MAR886; MAR892,,,,,,,,,,,,,,,860134; 860157; 859982Z; 860134Z; 860157Z; PBNA1100; PBNA1101; Z860157; Z860560,5010099875; 7700308989,,,571514,,571414; 571516; 571518; 1105368; 1365146,,,,,,,,,,436433; 436434; 436652; 436680; 2180475; 2541178; 2541329; 2541849,,,,,,,,,,Scania|SERIES 2 / 3,17mm,,маса на корпус,,
860548GB,Стартер Prestolite 860548GB 24V 6.6 кВт,Prestolite,Стартери,STARTER,NEW,24,6.6,,11,,,,,,IM330; IM643,,,,,0001410037; 0001415008; 0001417004; 0001417043; 0001417044; 0986011430; 0986017250; 9000084012; 9000084013; 9009084013; BX1143; BX1725,,,,,,,,,,11770037; 19024077; DRS1430; DRS2520; DRS7250,,,,,,,,,,,,,,,,,8EA726254001; 8EA737288001; CS1040; CS98,,,,,,,,,,,,,,,,S320,,,LRS02148; LRS2148; LRS878,,943252197; 943252243; MSR693,11139040; AZK5199; IS9034,,,,,,,,,,,,,,860548; 857473Z; PBNS0878,,,,,,064513; 64513; 163394; 217931; 279932; 291816; 349576; 349577; 379576; 571454; DS11,,,,,,,,,,455534,,,,,,,,,,Scania|SERIES 2 / 3; Scania|94 SERIES; Scania|114 SERIES; Scania|124 SERIES; Scania|144 SERIES,,48,ізольований,41,
860557,Генератор Prestolite 860557 24V 65 A,Prestolite,Генератори,ALTERNATOR,NEW,24,,65,,,,,,,,,,,,0120468131; 6033GB3003; 6033GB3033; 6033GB3034; 0986039490; BX3949; 6033GB3057; 6033GB3060,,,,,,,,,,19025114; 19025116; 19070071; 19093065; DRA9490,,,,,,,,,,,,,,,,,8EL012584111; 8EL737195001; CA1148; CA1148IR,,,,,,,,,,,,,,,,,,,LRA02475; LRA2475,,,11209420; AAN3110; IA9411,,,,,,,,,,12706N; 6033G3057B; 6033G3060B,,,,860306; 860306Z; Z860557,,,,,,571416; 571438; 571474; 571498; 571521; 1336136; 1394969; 1409378; 1409380; 1749769,,,,,,,,,,,,,,,,,,,,Scania|94 SERIES; Scania|114 SERIES; Scania|124 SERIES; Scania|144 SERIES; Scania|P / R / T SERIES||-2004,17mm,,маса на корпус,,
861345,Генератор Prestolite 861345 24V 100 A,Prestolite,Генератори,ALTERNATOR,NEW,24,,100,,,,,,,,,,,,0986049890; 0986084180; BX4989,,,,,,,,,,19091000; DRA0402; DRA4036,,,,,,,,,,46430530,,,,,,,8EL737452001; CA1310IR,,,,,,,,,,,,,,,,,,,LRA02486; LRA2486,,,,,,,,A004TR5191; A004TR5191AM; A004TR5191ZT; A4TR5191; A4TR5191AM; A4TR5191ZT; A4TR5191ZP,,,,,,,,,860620,,,,,,549276; 571474; 571522; 571523; 571527; 571529; 571687; 571688; 1371679; 1377400; 1433688; 1433689; 1440768; 1440769; 1516176; 1517146; 1525447; HD905011,,,,,,,,,,2809251; 436673; 436674; 439106; 549277; 2541873; 2541916; 2542415; 2542416; 2542433; 2542479; 2542813; 2542814; 2809249; 2542415A; 2542416A; 2542433A; 2542479A; 2542813A; 2809249A; 2809251A; A14VI19; A14VI20; HD90S010; HD90S011; HD90S011ZD; HD90S013; HD90S013ZD; HD90S014; HD90S014ZD; HD90S016; HD90S016ZD; HD90S017; HD90S017ZD; HD90S019; HD90S019ZD; HD90S020ZD,,,,,,,,,,Scania|94 SERIES; Scania|114 SERIES; Scania|124 SERIES; Scania|144 SERIES; Scania|P / R / T SERIES||-2004,17mm,,маса на корпус,,"8pK, 72mm"
861346,Генератор Prestolite 861346 24V 100 A,Prestolite,Генератори,ALTERNATOR,NEW,24,,100,,,,,,,,,,,,,,,,,,,,,,DRA1454,,,,,,,,,,,,,,,,,,,,,,,,,,,,,,,,,,,,,,,,,,,,A004TR5188; A004TR5188A; A004TR5188AM; A004TR5188ZT; A4TR5188; A4TR5188A; A4TR5188AM; A4TR5188ZT,,,,,,,,,,,,,,,571475; 1571475,,,,,,,,,,,,,,,,,,,,Scania|94 SERIES; Scania|114 SERIES; Scania|124 SERIES; Scania|144 SERIES; Scania|P / R / T SERIES||-2004,17mm,,маса на корпус,,"2V, 72mm"
857472GB,Стартер Prestolite 857472GB 24V 4 кВт,Prestolite,Стартери,STARTER,NEW,24,4,,9,,,,,,,,,,,0001360009; 0001360010; 0001360038; 0001368010; 0001368301; 0986011280; BX1128,,,,,,,,,,19024233; 19024274; DRS1280,,,,,,,,,,,,,,,,,8EA012586561; 8EA726253001; CS190; CS97,,,,,,,,,,,,,,,,S313,,,LRS00924; LRS00930; LRS924; LRS930,,943252207; MSR700,11130743; AZJ3263; IS0743,,,,,,,,,,,,,,857472; 35261440; 857472Z; PBNS0930; Z857472,,,,,,183868; 263356; 310563; 369554; 571420; 571450; 571451,,,,,61200090091,,,,,,,,6226486,,,,,,,Scania|94 SERIES; Scania|114 SERIES,,47,маса на корпус,35,
861324,Стартер Prestolite 861324 24V 6.7 кВт,Prestolite,Стартери,STARTER,NEW,24,6.7,,11,,,,,,,,,,,0001371008; 0986018800,,,,,,,,,,19024191; 19070035; DRS8800,,,,,,,,,,,,,,,,,8EA012586211; 8EA737854001; CS1199,,,,,,,,,,,,,,,,,,,LRS01929; LRS1929,,,11139161; 72736092; AZJ3441; IS9145; MS464,,,,,,,,,,,,,,,,,,,,1382290; 571428; 571464,,,,,,,,,,,,,,,,,,,,Scania|114 SERIES,,37,маса на корпус,42,
860305,Стартер Prestolite 860305 24V 6.7 кВт,Prestolite,Стартери,STARTER,NEW,24,6.7,,11,,,,,,IM706,,,,,0001371006; 0001371007; 0986017760; BX1776; 0001330042,,,,,,,,,,11740006; 19070037; 19084004; DRS7760,,,,,,,,,,,,,,,,,8EA012586031; 8EA737403001; CS1061,,,,,,,,,,,01107820,,,,,,,,LRS01897; LRS1897,,,11131910; 11139176; 72483654; 72736053; AZG4692; AZJ3488; IS1190; IS9148; MS425; MS524,,,,,,,,,,1358639,,,,860549,,,,,,571168; 571427; 571463; 1357709; 1352290,,,,,,,,,,458174,,,,,,,,,,Scania|124 SERIES,,48,маса на корпус,42,
860614,Стартер Prestolite 860614 24V 6.7 кВт,Prestolite,Стартери,STARTER,NEW,24,6.7,,11,,,,,,IM704; IM708,,,,,0001371004; 0986017810; BX1781,,,,,,,,,,11740004; 11740008; 19070036; DRS7810,,,,,,,,,,,,,,,,,8EA012586071; 8EA737692001; CS1169,,,,,,,,,,,,,,,,,,,LRS01903; LRS1903,,,11139162; 72736213; AZJ3442; IS9146; MS858,,,,,,,,,,1358640,,,,860649; 860650,,,,,,571462; 1332903; 1335929; 561571462; 571167,,,,,,,,,,438010; 458200,,,,,,,,,,Scania|144 SERIES; Scania|P / R / T SERIES||-2004,,48,маса на корпус,42,
860515GB,Стартер Prestolite 860515GB 24V 6.6 кВт,Prestolite,Стартери,STARTER,NEW,24,6.6,,11,,,,,,IM312; IM645,,,,,0001410115; 0001417045; 0001417046; 0986012480; 0986013460; BX1248; BX1346,,,,,,,,,,19024078; DRS2480,,,,,,,,,,,,,,,,,,,,,,,,,,,,,,,,,S329,,,LRS00746; LRS02146; LRS2146,,MSR713,11130607; 11139012; AZK5172; IS9012,,,,,,,,,,349581,,,,860515; 858319Z; PBNS0746,,,,,,309220; 349578; 571460,,,,,,,,,,455535,,,6244321,,,,,,,Scania|P / R / T SERIES||-2004,,48,маса на корпус,41,
861399,Генератор Prestolite 861399 24V 100 A,Prestolite,Генератори,ALTERNATOR,NEW,24,,100,,,,,,,,,,,,,,,,,,,,,,19091005; 19094106; DRA1078,,,,,,,,,,,,,,,,,8EL738213221; CA2039IR,,,,,,,,,,,,,,,,,,,,LRA03139,,,,,,,A004TR5291; A4TR5291; A004TR5291A; A004TR5291AAM; A004TR5291AM; A004TR5291AT; A004TR5291BT; A004TR5291ZT; A4TR5291A; A4TR5291AAM; A4TR5291AM; A4TR5291AT; A4TR5291BT; A4TR5291ZT,,,,,,,,,,,,,,,1516316; 1774594; 1777300; 1777465,,,,,,,,,,,,,,,,,,,,Scania|P / R / T SERIES||2004-,17mm,,маса на корпус,,"8pK, 72mm"
861275GB,Генератор Prestolite 861275GB 24V 80 A,Prestolite,Генератори,ALTERNATOR,NEW,24,,80,,,,,,,,,,,,0124555008; 0986046580; BX4658; 0124655007; 0986047820; BX4782,,,,,,,1524011R,,,DRB6580,,,,,,,,,,,,,,,,,8EL012584061; 8EL738211111; CA1851IR,,,,,,,,,,,,,,,23833,,,,LRA02833; LRA2833,,,,,,,,,,,,,,,,,861275,,,,,,0518064; 1442788; 1475570; 571614; 1571614; 10571614,,,,,,,,,,,,,,,,,,,,Scania|P / R / T SERIES||2004-,17mm,,маса на корпус,,"8pK, 72mm"
861305GB,Генератор Prestolite 861305GB 24V 110 A,Prestolite,Генератори,ALTERNATOR,NEW,24,,110,,,,,,,,,,,,0124555034; 0124655026,,,,,,,,,,,,,,,,,,,,,,,,,,,,,,,,,,,,,,,,,,,,,,,,,,,,,,,,,,,,,,,861305,,,,,,1763035; 1763036,,,,,,,,,,,,,,,,,,,,Scania|P / R / T SERIES||2004-,17mm,,маса на корпус,,"8pK, 72mm"
861079,Генератор Prestolite 861079 24V 100 A,Prestolite,Генератори,ALTERNATOR,NEW,24,,100,,,,,,,,,,,,,,,,,,,,,,,,,,,,,,,,,,,,,,,8EL012584161; CA1880IR,,,,,,,,,,,,,,,,,,,LRA03116,,,,,,,,A004TR5491; A004TR5491A; A004TR5491AAM; A004TR5491AM; A004TR5491AT; A004TR5491ZT; A004TR5693; A004TR5693AM; A004TR5693ZT; A4TR5491; A4TR5491A; A4TR5491AM; A4TR5491AT; A4TR5491ZT; A4TR5693; A4TR5693AM; A4TR5693ZT,,,,,,,,,,,,,,,518064; 571439; 571613; 1504314; 1504316; 1774595; 1777299; 1777464; 2395907; 0570884; 570884; 0571439; 2398366; SC0571439,,,,,,,,,,,,,,,,,,,,Scania|P / R / T SERIES||2004-,17mm,,маса на корпус,,"8pK, 72mm"
861298,Генератор Prestolite 861298 24V 100 A,Prestolite,Генератори,ALTERNATOR,NEW,24,,100,,,,,,,,,,,,,,,,,,,,,,19091007; DRA1117; DRA1117N,,,,,,,,,,,,,,,,,8EL012584771,,,,,,,,,,,,,,,,,,,LRA03706,,,,,,,,A004TR5691; A004TR5691AM; A004TR5691ZT; A4TR5691; A4TR5691AM; A4TR5691ZT,,,,,,,,,,,,,,,570887; 0570887; 573015; 1475569; 1884268; 1888010; 01888010; SC0570887; SC0573015; 2398368,,,,,,,,,,,,,1794786,,,,,,,Scania|P / R / T SERIES||2004-,17mm,,маса на корпус,,"10pK, 88mm"
861398,Генератор Prestolite 861398 24V 100 A,Prestolite,Генератори,ALTERNATOR,NEW,24,,100,,,,,,,,,,,,,,,,,,,,,,19094512,,,,,,,,,,,,,,,,,,,,,,,,,,,,,,,,,,,,,,,,,,,,A004TR5692; A4TR5692; A004TR5692AM; A004TR5692AT; A004TR5692ZT; A4TR5692AM; A4TR5692AT; A4TR5692ZT,,,,,,,,,,,,,,,570888; 579273; 2395910; 2398369; 21511412,,,,,,,,,,,,,,,,,,,,Scania|P / R / T SERIES||2004-,17mm,,маса на корпус,,"10pK, 70mm"
861312,Стартер Prestolite 861312 24V 6.6 кВт,Prestolite,Стартери,STARTER,NEW,24,6.6,,9,,,,,,,,,,,0001417077,,,,,,,,,,19070027; DRS0532,,,,,,,,,,,,,,,,,,,,,,,,,,,,,,,,,,,,,,,,,,,,,,,,,,,,,,,,,,,1414068,,,,,,,,,,,,,,,,,,,,Scania|P / R / T SERIES||2004-,,48,маса на корпус,35,
M90R3545SE,Стартер Prestolite M90R3545SE 24V 6 кВт,Prestolite,Стартери,STARTER,NEW,24,6,,11,,,,,,,,,,,0001241001; 0001261001; 0001261002; 0001261025; 0001261026; 0001261027; 0001261028; 0001261105; 0001261106; 0986021480; 1986S10002; BX2148,,,,,,,,,,19084003; 19084018; 19084253; 35045VL; DRT1480,,,,,,,,,,,,,,19802N,,,8EA012586101; 8EA738258731; CS1399,,,,,,,,,,,,,,,,,,,LRS02272; LRS2272,,,11139605; 72442833; AZF4876; IS9457; MS758,,,,,M009T65971; M009T65971ZA; M9T65971; M9T65971ZA,,,,,,,,,,,,,,,571467; 571487; 0573507; 573507; 579261; 0579261; 579265; 579271; 1447911; 1796026; 2031368; 2148650; 2276131; 573548; 2029376; 2704317; 2708317; 10579265,,,,,,,,,,,,,,,,,,,,Scania|P / R / T SERIES||2004-,,48,маса на корпус,41,
M105R3527SE,Стартер Prestolite M105R3527SE 24V 7.5 кВт,Prestolite,Стартери,STARTER,NEW,24,7.5,,11,,,,,,,,,,,0001330008; 0986022250,,,,,,,,,,DRS0542; DRT2250,,,,,,,,,,,,,,,,,8EA012586671; CS1550; F032CS1550,,,,,,,,,,,,,,,,,,,LRS03855; LRS3855,,,11139607; 72442835; AZG4862; IS9459; MS765,,,,,M009T83771; M009T83771AM; M9T83771; M9T83771AM,,,,,,,,,,,,,,,571468; 579270; 1797880; 573175,,,,,,,,,,,,,2008268; 1447912,,,,,,,Scania|P / R / T SERIES||2004-,,48,маса на корпус,41,
AVI150P2114HP,Генератор Prestolite AVI150P2114HP 24V 180 A,Prestolite,Генератори,ALTERNATOR,NEW,24,,180,,,,,,,,,,,,,,,,,,,,,,,,,,,,,,,,,,,,,,,,,,,,,,,,,,,,,,,,,,,,,,,,,,,,,,,,,,,AVI150P2101HP; AVI150P2116HP; 6530816,,,,,,570718; 2448165; 2572595; 2853478; 2905970; 2920858,,,,,,,,,,,,,,,,,,,,Scania|P / R / T SERIES||2017-,17mm,,маса на корпус,,"10pK, 70mm"
AVI150P2125HP,Генератор Prestolite AVI150P2125HP 24V 180 A,Prestolite,Генератори,ALTERNATOR,NEW,24,,180,,,,,,,,,,,,,,,,,,,,,,,,,,,,,,,,,,,,,,,,,,,,,,,,,,,,,,,,,,,,,,,,,,,,,,,,,,,AVi150P2102HP; AVI150P2117HP; 6530817,,,,,,570719; 2479047; 2572596; 2853479; 2905972; 2920880,,,,,,,,,,,,,,,,,,,,Scania|P / R / T SERIES||2017-,17mm,,маса на корпус,,"10pK, 80mm"
AVE2119-E,Генератор Prestolite AVE2119-E 24V 110 A,Prestolite,Генератори,ALTERNATOR,NEW,24,,110,,,,,,,,,,,,,,,,,,5263797; 5263830,,,,,,,,,,,,,,,,,,,,,,,,,,,,,,,,,,,,,,,,,,,,,,,,,,,,,,,,,AVE2119,,,,,,,,,,,,,,,,,,,,,,,,,,Valday|/ GAZELLE,7/8”,,ізольований,,"8pK, 64mm +"
AViC2002,Генератор Prestolite AViC2002 12V 150 A,Prestolite,Генератори,ALTERNATOR,NEW,12,,150,,5263796 +,,,,,,,,,,,,,,,,5272634,,,,,,,,,,,,,,,,,,,,,,,,,,,,,,,,,,,,,,,,,,,,,,,,,,,,,,,,,,,,,,,,,,,,,,,,,,,,,,,,,,,Valday|/ GAZELLE,20mm,,маса на корпус,,"8pK, 56mm"
M81R3001,Стартер Prestolite M81R3001 24V 4.5 кВт,Prestolite,Стартери,STARTER,NEW,24,4.5,,10,,,,6025001301001,,,,,,,,,,,,,5256026; 5263841; 5268413; 5319202,,,,,,,,,,,,,,,,,,,,,,,,,,,,,,,,,,,,,,,,,,,,,,,,,,,,,4937470,,,,M93R3042SE; M93R3024SE,,,,,,,,,,,,,,,,,,,,,,,CEP00314,,,Valday|/ GAZELLE,,48,маса на корпус,40,
M93R3042SE,Стартер Prestolite M93R3042SE 24V 6 кВт,Prestolite,Стартери,STARTER,NEW,24,6,,10,,,,,,,,,,,,,,,,,5268413,,,,,,,,,,,,,,,,,,,,,,,,,,,,,,,,,,,,,,,,,,,,,,,,,,,,,,,,,,,,,,,,,,,,,,,,,,,,,,,13039197,,,,Valday|/ GAZELLE,,48,маса на корпус,40,
M81R2501,Стартер Prestolite M81R2501 12V 3.5 кВт,Prestolite,Стартери,STARTER,NEW,12,3.5,,10,,,,,,,,,,,,,,,,,5263797,,,,,,,,,,,,,,,,,,,,,,,,,,,,,,,,,,,,,,,,,,,,,,,,,,,,,,,,,M100R2008SE,,,,,,,,,,,,,,,,,,,,,,,,,,Valday|/ GAZELLE,,48,маса на корпус,40,
M81R2502,Стартер Prestolite M81R2502 12V 2.5 кВт,Prestolite,Стартери,STARTER,NEW,12,2.5,,10,,,,,,,,,,,,,,,,,,,,,,,,,,,,,,,,,,,,,,,,,,,,,,,,,,,,,,,,,,,,,,,,,,,,,,5311304; 4996371; 5266969,,,,,,,,,,,,,,,,,,,,,,,,,,,,,,Valday|/ GAZELLE,,20,маса на корпус,40,
M100R2008SE,Стартер Prestolite M100R2008SE 12V 4 кВт,Prestolite,Стартери,STARTER,NEW,12,4,,10,,,,,,,,,,,,,,,,,5263797; 5441679,,,,,,,,,,,,,,,,,,,,,,,,,,,,,,,,,,,,,,,,,,,,,,,,,,,,,,,,,,,,,,,,,,,,,,,,,,,,,,,13034593,,,,Valday|/ GAZELLE,,48,маса на корпус,40,
AVI144A2014,Генератор Prestolite AVI144A2014 12V 150 A,Prestolite,Генератори,ALTERNATOR,NEW,12,,150,,,,,,53433701010,,,,,,,,,,,,,,,,,,,,,,,,,,,,,30623771,,,,,,,,,,,,,,,,,,,,,,,,,,AAN8173; 11204261; MG54; IA1402,,,,,,,,,,,,,,,,,,,,,,,,,,,,,,,,,,,,,,,,Valday|/ GAZELLE,20mm,,маса на корпус,,"6pK, 75mm"
M93R2002SE,Стартер Prestolite M93R2002SE 12V 3.8 кВт,Prestolite,Стартери,STARTER,NEW,12,3.8,,10,,,,,53433708010,,,,,,,,,,,,,,,,,,,,,,,,,,,,,,,,,,,,,,,,,,,,,,,,,,,,,,,AZF4273; AZF4383; 11132402; MS722; IS1373,,,,,,,,,,,,,,,,,,,,,,,,,,,,,,,,,,,,,,,,Valday|/ GAZELLE,,36,маса на корпус,38.7,
AVI144A3015,Генератор Prestolite AVI144A3015 24V 100 A,Prestolite,Генератори,ALTERNATOR,NEW,24,,100,,,,,,,,,,,,,,,,,,,,,,,,,,,,,,,,,,,,,,,,,,,,,,,,,,,,,,,,,,,,,AAN8172; 11204260; MG141; IA1408,,,,,,,,,,53403701010,,,,,,,,,,,,,,,,,,,,,,,,,,,,,,GAZ|33098; GAZ|MAZ; GAZ|URAL TRUCKS,20mm,,маса на корпус,,"6pK, 75mm"
M90R3568SE,Стартер Prestolite M90R3568SE 24V 6 кВт,Prestolite,Стартери,STARTER,NEW,24,6,,12,,,,,,,,,,,0986024660; F042001228,,,,,,,,,,19081013; 19081913; DRS0325,,,3050483,,,,,,,,,,,,,,CS1496; F032CS1496,,,,,,,,,,,01182315; 1182315; 01182759; 1182759; 01183286; 1183286,,,,,,,,LRS02599,,,11131881; 72736051; AZF4238; IS1260; MS423,,,,,M009T62671; M009T62671AM; M9T62671; M9T62671AM; M009TD1971; M9TD1971,,,,,,,,,,5001868233; 7420997672; 7421164607,,,,,,,,,,,,,,,,,,20796052; 20880693; 21133741; 21164603; 21306350; 85000749,3801274; 3803979,,,,,,Volvo|FE SERIES||2006-2012; Volvo|FE2 SERIES||2012-,,28,маса на корпус,44,
858884,Генератор Prestolite 858884 24V 55 A,Prestolite,Генератори,ALTERNATOR,NEW,24,,55,,,,,,,,,,,,0120469014; 0120469523; 0120469798; 0120489060; 0120489303; 0986031190; 0986033840; 0986034350; 0986034370; 0986033841; 0986038351; 0986080180; 9120080114; BX3384; BX3435; BX3437,,,,,,,,,,8700019; 19025074; 19025103; 19093075; 19093076; 90015040; DRA1190; DRA3840; DRA4350; DRA4370,,,,,,,,,,,,,,,,,8EL012584221; 8EL012584371; 8EL725587001; 8EL725799001; 8EL725817001; 8EL730020001; CA132IR; CA500IR; CA518; CA518IR; CA722IR,,,,,,,,,,,,,,,,A316; A319; A338,,,LRA00972; LRA02775; LRA386; LRA474; LRA972,LRA00474,943356188; 943356521; 943357557; MAR1503; MAR836; MAR896,11201469; 11201710; 11201746; 11201937; 11201939; 11209437; AAK1369; AAK3332; AAK3565; AAN3117; IA0710; IA9422,,,,0051548202; A0051548202,,77726990J,,,,,,,,860135; 858880Z; 858884Z; 860135Z; PBNA0474; PBNA0972; Z858884,5001014166; 5001833946; 5010050717,,,,,,,,,,,,,,,105473; 436437; 436438; 436439; 436440; 510348; 529601; 592777; 2105473; 2180620; 2940060; 2541199B; A14N100M; A14N112M; A14N119M; A14N81M,,,1089861; 14371018; 1607361; 1607362; 1624089; 1624090; 5003089; 5003090; 5003349; 5003448; 6779261; 8113909; 8113911; 85000219; 872021; 873757; 845940; 863955; 873759; 873771; 1502272; 3803443; 4803774; 8720211; 8737579; 11063163; 21048168; 38032702; 110631637; 9014371018; 90110631638; ALT1145,,,,,,,Volvo|FL1 SERIES||-2006,17mm,,маса на корпус,,
860562,Генератор Prestolite 860562 24V 80 A,Prestolite,Генератори,ALTERNATOR,NEW,24,,80,,,,,,,VG531,,,,,0120468037; 0120468114; 0120486037; 0986037760; BX3776,,,,,,,,,,13250031; 19025103; 19070059; 19093064; DRA7760,,,,,,,,,,,,,,,,,8EL012584351; 8EL731714001; CA853; CA853IR,,,,,,,,,,,,,,,,A335,,,LRB00135; LRB135,,,11209415; 11209416; AAN3106; AAN3107; IA9406; IA9407,,,,,,,,,,,,,,859983Z; PBNA1135; Z860562,5010252192,,,,,,,,,,,,,,,436590; 21819910,,,1089862; 1621048; 21048170; 5003398; 8113912; 85000480; 85000712,,,,,,,Volvo|FL1 SERIES||-2006,17mm,,маса на корпус,,
861038,Стартер Prestolite 861038 24V 4 кВт,Prestolite,Стартери,STARTER,NEW,24,4,,11,,,,,,,,,,,0001231014; 0001360061; 0001368017; 0001368063; 0001368074; 0986010980; 0986020190; BX1098; BX2019,,,,,,,,,,19024288; DRS0049; DRS0167; DRS0980,,,,,,,,,,,,,,,,,8EA012586511; 8EA726139001; 8EA729139001; 8EA738259291; CS1474; CS391,,,,,,,,,,,,,,,,S302,,,LRS00925; LRS02175; LRS2175; LRS925,,943252208; 943252208010; MSR701,11130687; AZJ3231; IS0687,,,,,,,,,,,,,,858317; 859534; 858317Z; PBNS0925; Z858317,,,,,,,,,,,,,,,,,,,21067513; 21477589; 3978044; 420718; 455536; 465604; 466772; 4881598; 5001784; 5003009; 8112224; 8112996; 8113860; 85000446; 85003303,,,,,,,Volvo|FL1 SERIES||-2006,,48,маса на корпус,41,
860551,Генератор Prestolite 860551 24V 80 A,Prestolite,Генератори,ALTERNATOR,NEW,24,,80,,,,,,,,,,,,0120468093; 0120468135; 0120468144; 0120468260; 0120469018; 0120469033; 0120469044; 0986039260; 0986081860; 6033GB3020; 6033GB3021; 6033GB3073; BX3926; F032CA1049,,,,,,,,,,19070049; 19070057; 19093067; DRA3527; DRA9260,,,,,,,,,,,,,,,,,8EL012584211; 8EL732690001; 8EL732874001; CA1049; CA1049IR; CA907IR,,,,,,,,,,,,,,,,,,,LRA02470; LRA02474; LRA02501; LRA2470; LRA2501,,,11203275; AAN5171; IA1150,,,,,,,,,,1505107,,,,Z860551,,,,,,,,,,,,,,,,436393; 437352; 2542514; 2541624A; A14N183; A14N183M; A14N208M,,,1096757; 1096758; 11170011; 1117011; 15067533; 21048174; 21048177; 21727742; 3173821; 3963143; 3986428; 3986429; 8112614; 8112789; 8112790; 8113258; 8113259; 8113477; 8113915; 813477; 8144401; 8156816; 8156817; 85000507; 85000508; 85000713; 85000714; 85013064; 9521761; 9531761,,,,,,,Volvo|FM7 SERIES; Volvo|FM9 SERIES; Volvo|FM10 SERIES; Volvo|FH SERIES; Volvo|FH16 SERIES,17mm,,маса на корпус,,
AVi150J1116HP,Генератор Prestolite AVi150J1116HP 24V 190 A,Prestolite,Генератори,ALTERNATOR,NEW,24,,190,,,,,,,,,,,,,,,,,,,,,,,,,,,,,,,,,,,,,,,,,,,,,,,,,,,,,,,,,,,,,,,,,,A004TR5392; A004TR5392AM; A004TR5392ZT; A004TR5592; A004TR5592ZT; A4TR5392; A4TR5392AM; A4TR5392ZT; A4TR5592ZT,,,,,190A Upgrade option,,,,,,,,,,,,,,,,,,,,,,,20466316; 85000461; 22790763,,,,,,,Volvo|FM7 SERIES; Volvo|FM9 SERIES; Volvo|FH SERIES; Volvo|FH16 SERIES; Volvo|FMX II||2012-,17mm,,маса на корпус,,
860512GB,Стартер Prestolite 860512GB 24V 5.4 кВт,Prestolite,Стартери,STARTER,NEW,24,5.4,,12,,,,,,IM561; IM565,,,,,0001368057; 0001416061; 0001416065; 0986015430; 0986015690; BX1543; BX1569,,,,,,,,,,11680050; 19024048; 19024104; DRS5430; DRS5690,,,,,,,,,,943251569010,,,,,,,8EA012586181; 8EA730215001; CS699,,,,,,,,,,,,,,,,S346,,,LRS00767; LRS01851; LRS1851; LRS767,,943251569; MSR674,11139029; 11139122; AZK5188; AZK5471; IS9029; IS9109,,,,,M009T81979; M9T81979,,,,,,,,,860512; 858878Z; 860110Z; PBNS0767; Z850512,,,,,,,,,,,,,,,,438039; 455538,,,420731; 470731; 471638; 477049; 5003312; 8113907; 85000440,,,,,,,Volvo|FM7 SERIES,,48,маса на корпус,47,
860618,Стартер Prestolite 860618 24V 4 кВт,Prestolite,Стартери,STARTER,NEW,24,4,,12,,,,,,,,,,,0001231004; 0986019830; BX1983,,,,,,,,,,19084031; 19084217; DRS3898,,,,,,,,,,,,,,,,,8EA012586481; 8EA738113001; CS1285,,,,,,,,,,,,,,,,,,,LRS01939; LRS1939,,,,,,,,,,,,,,,,,,,,,,,,,,,,,,,,,,,,21477586; 3978710; 8113230; 8192965; 85000447; 85003304,,,,,,,Volvo|FM7 SERIES,,48,маса на корпус,46,
860500GB,Стартер Prestolite 860500GB 24V 5.4 кВт,Prestolite,Стартери,STARTER,NEW,24,5.4,,11,,,,,,IM326; IM505,,,,,0001410046; 0001414019; 0001415005; 0001415013; 0001416005; 0001416070; 0986011450; 0986014910; 0001416205; 9000084018; 9000084019; BX1145; BX1491,,,,,,,,,,11670036; 19024013; 19024553; DRS1450; DRS4910,,,,,,,,,836867133,,,,,,,,8EA012586161; 8EA726177001; 8EA726255001; CS544; CS99,,,,,,,,,,,,,,,,S344,,,LRS00883; LRS883,,943252198; MSR694,11130285; 11139027; AZK5186; IS0285; IS9027; IS9053; IS9112,51262017029; 81262019029,,,A0001416005,,,,,,,,,,860500; 857466Z; 858881Z; PBNS0883; PBNS1666,5010217215,,,,,,,,,,,,,,,455539; 455540,,,11031126; 1199872; 20553711; 240340; 420780; 465930; 467919; 469414; 5001680; 5003028; 50030287; 6886461; 7240340; 8113905; 85000439,,,,,,,Volvo|FM10 SERIES,,48,маса на корпус,41,
A148383,Генератор Prestolite A148383 24V 150 A,Prestolite,Генератори,ALTERNATOR,NEW,24,,150,,,,,,,,,,,,0124655437; 0986084470; 0124655088; 0124655438; BX8447,,,,,,,,,,,,,,,,,,,,,,,,,,,,,,,,,,,,,,,,,,,,,,,,,11209462; 72501309; AAN8209; IA9491; MG951,,,,,,,,,,,,,,861383,,7421304674,,,,,,,,,,,,,,,,,21257552; 22591477; 85013475; 85020836,,,,,,,Volvo|FH SERIES; Volvo|FH II SERIES||2012-; Volvo|FM II||2012-; Volvo|FMX II||2012-,17mm,,маса на корпус,,"8pK, 73mm"
860511GB,Стартер Prestolite 860511GB 24V 5.4 кВт,Prestolite,Стартери,STARTER,NEW,24,5.4,,11,,,,,,IM665; IM675,,,,,0001417065; 0001417075; 0986017050; 0986018090; BX1705; BX1809; 0001330016,,,,,,,,,,11780062; 11790070; 19024085; 19024180; DRS7050; DRS8090,,,,,,,,,,,,,,,,,8EA012586601; 8EA737108001; 8EA737659001; CS1161; CS962,,,,,,,,,,,,,,,,,,,LRS01891; LRS01930; LRS1891; LRS1930,,,11139107; AZK5456; IS9096,,,,,,,,,,,,,,860511,,,,,,,,,,,,,,,,438051; 455871,,,1547049; 3095060; 3964839; 8113165; 8113918; 85000186,,,,,,,Volvo|FH SERIES,,48,ізольований,41,
M90R3557SE,Стартер Prestolite M90R3557SE 24V 6 кВт,Prestolite,Стартери,STARTER,NEW,24,6,,12,,,,,,,,,,0571966,0986025460,,,,,,,,,,19081000; 19081901; DRS0109; DRS0129,,,,,,,,,,,,,,,,,8EA012586051; 8EA738258381; CS1388,,,,,,,,,,,,,,,,,,,LRS02274; LRS2274,,,,,,,,M009T61171; M9T61171; M002TS0575AM; M2TS0575AM,,,,,1x IGN / SW connection,,,,M105R3507SE,7421632125,,,,,,,,,,,,,,,438235; FS60PR171,,,20430564; 20431073; 85000087,,,,,,,Volvo|FH SERIES; Volvo|FMX II||2012-,,48,маса на корпус,47,
M90R3547SE,Стартер Prestolite M90R3547SE 24V 6 кВт,Prestolite,Стартери,STARTER,NEW,24,6,,12,,,,,,,,,,,0001261049; 0986025450,,,,,,,,,,19081900; 19081911; DRS0109; DRS0539,,,,,,,,,,,,,,,,,8EA012586291; CS1472,,,,,,,,,,,,,,,,,,,LRS02455; LRS2455,,,,,,,,M9T62171; M9T62172; M9T62173; M9T62174; M9T64171; M9T66372; M9T66373; M009T62171; M009T62172; M009T62173; M009T62174; M009T64171; M009T66372; M009T66373,,,,,,,,,,5001866293; 7420714203,7422602941,,,,,,,,,,,,,,438235; 438241; FS60PR171; FS60PR172,,,20430565; 20430584; 20431073; 20572417; 20572419; 20714203; 20891242; 21219976; 21532125; 21632125; 21632127; 21632133; 3095060; 3827444; 3964839; 8113918; 85000677; 85000746; 85020793; 874385,,,,,,,Volvo|FH SERIES; Volvo|FMX II||2012-,,48,маса на корпус,47,
M90R3558SE,Стартер Prestolite M90R3558SE 24V 6 кВт,Prestolite,Стартери,STARTER,NEW,24,6,,12,,,,,,,,,,,,,,,,,,,,,,,,,,,,,,,,,,,,,,8EA012586291,,,,,,,,,,,,,,,,,,,,,,,,,,,M009T66371; M9T66371,,,,,,,,,,,,,,,,,,,,,,,,,,,,22602940; 85013089,,,,,,,Volvo|FH SERIES; Volvo|FH II SERIES||2012-; Volvo|FM II||2012-; Volvo|FMX II||2012-,,48,маса на корпус,47,
M90R3601SE,Стартер Prestolite M90R3601SE 24V 6 кВт,Prestolite,Стартери,STARTER,NEW,24,6,,12,,,,,,,,,,,,,,,,,,,,,19081035,,,,,,,,,,,,,,,,,,,,,,,,,,,,,,,,,,,,,,,11139622; 72447153; AZE4694; IS9474; MS783,,,,,M009T64071; M009T64072; M009T66471; M009T68871; M009T64071ZT; M009T66471ZT; M009T68871AM; M009T68871ZZ9; M9T64071; M9T64071ZT; M9T64072; M9T66471; M9T66471ZT; M9T68871; M9T68871AM; M9T68871ZZ9,,,,,,,,,,,,,,,,,,,,,,,,,,,,20851685; 21219920; 21632129; 21632131; 21934636; 85000806; 85013090; 85013530; 85020306,,,,,,,Volvo|FH SERIES; Volvo|FH II SERIES||2012-; Volvo|FM II||2012-,,47,маса на корпус,48,
M105R3507SE,Стартер Prestolite M105R3507SE 24V 7.5 кВт,Prestolite,Стартери,STARTER,NEW,24,7.5,,12,,,,,,,,,,,,,,,,,,,,,19070001; DRS0909,,,,,,,,,,,,,,,,,,,,,,,,,,,,,,,,,,,,LRS02537; LRS2537,,,,,,,,M009T82171; M9T82171,,,,,D12 engine only,,,,861021; 35262910,438293; 5001853801; 5010235157; 5010235158,,,,,,,,,,,,,,,186435; 438050; 455750; D13HP608; FS60PR608; ND199,,,11127679; 11127679A; 17219790; 3287444; 3595446; 3827444; 8113165; 8500087; 874385; 874468; 9011127679; 85000746,,,,,,,Volvo|FH SERIES,,48,маса на корпус,47,
A148332,Генератор Prestolite A148332 24V 150 A,Prestolite,Генератори,ALTERNATOR,NEW,24,,150,,,,,,,,,,,,0124655057; 0124655102; 0124655507,,,,,,,,,,DRA1419,,,,,,,,,,,,,,,,,,,,,,,,,,,,,,,,,,,,,,,11209638; 72476529; AAN5457; IA9485; MG898,,,,,,,,,,,,,,861332,,7421561402,,,,,,,,,,,,,,,,,21561402; 20988293; 21561403; 22591478; 23642076; 85003932; 85009932; 85022871,,,,,,,Volvo|FH16 SERIES,17mm,,маса на корпус,,
M105R3509SE,Стартер Prestolite M105R3509SE 24V 7.5 кВт,Prestolite,Стартери,STARTER,NEW,24,7.5,,12,,,,,,,,,,,0001330018; 0001330057; 0986024990,,2674624,,,,3102767; 3938502; 3977428; 5254108; 5256414; 5256415; 5284108,,,,8200029; 8200419; 8200447; 8200448; 8200726; 8300014; 19011511; 19011524; 19080063; DRS0319,,,,,,,,,,,,,,,,,8EA012586221; 8EA738258831; CS1451,,,,,,,,,,,,,,,,,,,LRS02297,,,,,,,,M009T82172; M009T82173; M009T82174; M009T82671; M009T82672; M9T82172; M9T82173; M9T82174; M9T82671; M9T82672; 11423474,,,,,,,2873K414,,1343750; SL52497,,,,,,,,,,,,,,,,,,,17233221; 20450305; 20732404; 3595446; 85000295; 85000526,,,,,,,Volvo|FH16 SERIES,,48,ізольований,47,
861390,Генератор Prestolite 861390 24V 130 A,Prestolite,Генератори,ALTERNATOR,NEW,24,,130,,Not interchangeable with 861344,,,,,,,,,,,,,,,,,,,,,,,,,,,,,,,,,,,,,,,,,,,,,,,,,,,,,,,,,,,,,,,,A004TR6191; A004TR6193; A4TR6191; A4TR6193; A004TR6191AM; A004TR6191ZT; A004TR6193ZT; A4TR6191AM,,,,,,,,,,,,,,,,,,,,,,,,,,,,2140182; 20181289; 21401674; 21401675; 21401682; 85013467; 85013468,,,,,,,Volvo|FH II SERIES||2012-,17mm,,маса на корпус,,"8pK, 82mm"
AVi147J3110HD,Генератор Prestolite AVi147J3110HD 24V 120 A,Prestolite,Генератори,ALTERNATOR,NEW,24,,120,,Upgrade to 861274GB and 860804GB,,,,,,,,,,0124655171; 0124655325; 0124655331; 0124655333; 0124655451; 0124655457; 0986081010,,,,,,,,,,,,,,,,,,,,,,,,,,,,,,,,,,,,,,,,,,,,,,,,,,,,,,,,,,,,,,,,,,,,,,,,,,,,,,,,,,22218392,,,,,,,Volvo|FMX II||2012-,17mm,,маса на корпус,,
M93R3092SE,Стартер Prestolite M93R3092SE 24V 6 кВт,Prestolite,Стартери,STARTER,NEW,24,6,,10,,,,,,,,,,,9000453079,,,,,,,,,,8200357,,,,,,,,,,,,,,,,,,,,,,,,,,,,,,,,,,,,,,,11130784; AZJ3282; IS0784,,,,,M009T62571; M009T62572; M9T62571; M9T62572,,,905720100080; 905720100092,,,,,,35259770; 35261990; 35262170; 35269770; 35259440; PBNS3044,,,,,,,,,,,,,,,2WO911023A,,,,,2W0911023A; TAR911023,,,,,,Volvo|VM17 / VM23 / VM210 / VM260 / VM310,,26,маса на корпус,38,
M100R2031SE,Стартер Prestolite M100R2031SE 12V 3.8 кВт,Prestolite,Стартери,STARTER,NEW,12,3.8,,10,,,,,,,,,,,,,,,,,,,,,,,,,,,,,,,,,,,,,,,,,,,,,,,,,,,,,,,,,,,,,,,,,,,,,,2RO911023A; TJG911023B; 905720100079; 35259430; 9000083077,,,,,,,,,,,,,,,,,,,,,,,,,,,,,,Volvo|VM17 / VM23 / VM210 / VM260 / VM310,,26,маса на корпус,38,
M93R3095SE,Стартер Prestolite M93R3095SE 24V 6 кВт,Prestolite,Стартери,STARTER,NEW,24,6,,10,"Mounting hole PCD = 146mm, Equispaced at 120°. BOSCH & PRESTOLITE use the same mounting. interface on bell housing.. Prestolite Electric Ltd - Heavy Duty Systems",,,,,,,,,,,,,,,,,,,,8200292,,,,,,,,,,,,,,,,,,,,,,,,,,,,,,,,,,,,,,,,,,,,,,,,,,,,,35259240; 35262460; 35262540,,,,,,,,,,,,,,,,,,,,2RO911023D; 2WO911023C,,,,,,Volvo|VM17 / VM23 / VM210 / VM260 / VM310,,45,маса на корпус,40,
